transaction_id,product_category,revenue,units,date
24,Chairs,71.372,2,7/16/2017
28,Bookcases,3083.43,7,9/17/2015
29,Binders,9.618,2,9/17/2015
30,Furnishings,124.2,3,9/17/2015
31,Envelopes,3.264,2,9/17/2015
32,Art,86.304,6,9/17/2015
33,Binders,6.858,6,9/17/2015
34,Art,15.76,2,9/17/2015
48,Accessories,45.0,3,6/20/2016
49,Phones,21.8,2,6/20/2016
54,Fasteners,15.26,7,12/11/2016
55,Phones,1029.95,5,12/11/2016
56,Storage,208.56,6,6/17/2016
57,Paper,32.4,5,6/17/2016
58,Chairs,319.41,5,6/17/2016
59,Paper,14.56,2,6/17/2016
60,Accessories,30.0,2,6/17/2016
61,Binders,48.48,4,6/17/2016
62,Art,1.68,1,6/17/2016
71,Binders,4.616,1,9/18/2016
97,Furnishings,96.53,7,11/9/2017
111,Furnishings,41.96,2,12/25/2017
114,Fasteners,40.096,14,8/25/2014
115,Envelopes,4.72,2,8/25/2014
116,Paper,23.976,3,8/25/2014
117,Envelopes,130.464,6,8/25/2014
120,Furnishings,47.04,3,6/12/2016
121,Binders,30.84,4,6/12/2016
122,Storage,226.56,6,6/12/2016
123,Envelopes,115.02,9,6/12/2016
124,Phones,68.04,7,6/12/2016
131,Phones,59.97,5,2/2/2017
132,Paper,78.304,2,2/2/2017
133,Fasteners,21.456,9,2/2/2017
141,Furnishings,82.8,2,9/5/2016
147,Furnishings,93.888,4,10/22/2014
162,Accessories,54.384,2,12/28/2015
178,Chairs,396.802,7,11/21/2015
179,Supplies,15.88,5,11/21/2015
180,Art,,1,12/15/2015
186,Binders,7.16,2,11/28/2016
190,Bookcases,899.136,4,10/12/2015
191,Phones,71.76,6,10/12/2015
192,Paper,51.84,8,10/12/2015
193,Bookcases,626.352,3,10/12/2015
194,Art,19.9,5,10/12/2015
196,Art,7.408,2,3/21/2014
197,Art,6.048,3,3/21/2014
198,Storage,46.26,3,11/6/2017
199,Binders,2.946,2,7/6/2017
200,Paper,16.056,3,7/6/2017
201,Paper,21.744,3,6/24/2017
213,Labels,23.68,2,1/2/2015
214,Bookcases,452.45,5,1/2/2015
215,Phones,62.982,3,1/2/2015
216,Machines,1188.0,9,1/2/2015
217,Accessories,89.584,2,1/2/2015
220,Fasteners,5.584,2,12/24/2015
221,Paper,22.704,6,12/24/2015
222,Binders,19.776,4,12/24/2015
223,Furnishings,72.704,4,12/24/2015
224,Machines,479.988,4,12/24/2015
225,Art,27.168,2,12/24/2015
253,Storage,80.58,6,12/10/2016
254,Envelopes,361.92,4,12/10/2016
259,Accessories,20.37,3,12/1/2017
260,Storage,221.55,3,12/1/2017
261,Binders,17.52,5,12/1/2017
268,Fasteners,7.56,6,1/22/2016
269,Storage,37.208,1,12/9/2017
270,Envelopes,57.576,3,12/9/2017
277,Paper,11.648,2,10/13/2017
278,Paper,18.176,4,10/13/2017
279,Storage,59.712,6,10/13/2017
280,Labels,24.84,3,10/13/2017
290,Fasteners,19.096,7,11/20/2016
291,Labels,18.496,8,11/20/2016
292,Accessories,255.984,2,11/20/2016
293,Bookcases,86.97,3,11/20/2016
299,Paper,32.4,5,10/28/2016
300,Storage,-9.99,8,10/28/2016
301,Paper,56.91,3,10/28/2016
302,Furnishings,77.6,4,10/28/2016
303,Binders,14.28,1,10/28/2016
305,Furnishings,26.8,2,5/4/2015
307,Binders,45.48,3,6/1/2014
308,Art,289.2,6,6/1/2014
314,Furnishings,87.54,3,9/27/2014
317,Art,99.136,4,12/28/2014
318,Chairs,135.882,1,11/4/2014
319,Machines,3991.98,2,11/4/2014
320,Phones,275.94,6,11/4/2014
321,Accessories,360.0,4,11/4/2014
322,Storage,43.57,1,11/4/2014
327,Phones,290.898,3,8/30/2016
328,Storage,54.224,2,8/30/2016
329,Chairs,786.744,4,8/30/2016
330,Labels,100.24,10,8/30/2016
331,Binders,37.764,6,8/30/2016
332,Phones,82.8,2,4/25/2016
333,Binders,20.724,2,4/25/2016
334,Binders,4.896,3,4/25/2016
341,Art,17.856,4,4/13/2014
342,Binders,509.97,10,4/13/2014
343,Fasteners,30.992,13,4/13/2014
344,Phones,71.928,12,4/13/2014
347,Art,7.56,3,7/8/2017
348,Paper,24.56,2,7/8/2017
349,Art,12.96,2,7/8/2017
350,Accessories,6.79,1,9/1/2016
351,Paper,24.56,2,9/1/2016
352,Binders,3.048,1,9/1/2016
353,Paper,49.12,4,9/1/2016
354,Binders,4355.168,4,9/1/2016
355,Bookcases,388.704,6,4/8/2016
356,Envelopes,8.26,2,4/8/2016
357,Art,17.04,4,4/8/2016
358,Paper,34.4,5,4/8/2016
362,Labels,20.7,2,9/25/2017
363,Chairs,488.646,3,9/25/2017
364,Art,5.56,2,9/25/2017
365,Furnishings,47.12,8,9/25/2017
367,Binders,23.2,4,10/21/2016
368,Supplies,7.36,2,10/21/2016
369,Storage,104.79,7,10/21/2016
370,Bookcases,1043.92,4,10/21/2016
378,Tables,1488.424,7,8/27/2017
387,Machines,482.34,4,12/3/2015
388,Furnishings,2.96,1,12/3/2015
389,Art,2.624,1,11/24/2014
390,Binders,23.36,4,12/11/2017
391,Accessories,39.98,2,12/11/2017
396,Storage,49.96,2,10/17/2017
397,Paper,12.96,2,10/17/2017
405,Appliances,35.91,3,12/24/2017
423,Furnishings,56.56,4,10/19/2017
424,Storage,32.7,3,10/19/2017
428,Machines,69.99,1,9/12/2014
434,Storage,714.3,5,6/6/2016
440,Chairs,207.846,3,1/20/2017
448,Art,59.52,3,4/1/2016
449,Storage,161.94,3,4/1/2016
450,Art,263.88,6,4/1/2016
451,Art,30.48,3,4/1/2016
452,Art,9.84,3,4/1/2016
453,Phones,35.12,4,4/1/2016
454,Tables,284.364,2,10/20/2017
455,Storage,665.408,2,10/20/2017
471,Paper,55.48,1,12/20/2015
479,Furnishings,40.2,3,10/27/2016
480,Art,-9.99,5,6/26/2016
481,Storage,704.25,5,6/26/2016
483,Art,5.96,2,7/22/2014
484,Accessories,159.98,2,7/22/2014
492,Storage,449.15,5,9/14/2014
493,Envelopes,11.07,3,9/14/2014
506,Binders,,5,11/12/2017
513,Art,7.152,3,10/20/2016
526,Fasteners,22.2,5,12/26/2015
529,Storage,36.336,3,9/3/2015
530,Supplies,666.248,1,9/3/2015
531,Envelopes,52.512,6,9/3/2015
538,Binders,10.752,4,12/3/2015
543,Storage,646.776,9,12/18/2015
547,Binders,41.28,6,11/19/2017
548,Paper,13.36,2,11/19/2017
571,Labels,72.45,7,12/28/2017
572,Fasteners,13.96,4,12/28/2017
573,Binders,33.264,7,12/28/2017
574,Phones,14.85,3,12/28/2017
599,Supplies,11.632,2,7/14/2016
600,Phones,143.982,3,7/16/2016
601,Phones,494.376,4,7/16/2016
602,Supplies,5.84,2,7/16/2016
608,Binders,3.282,2,5/23/2014
609,Art,21.168,9,5/23/2014
610,Phones,55.188,2,5/23/2014
613,Paper,8.448,2,9/11/2016
614,Phones,728.946,9,9/11/2016
615,Phones,119.94,10,11/14/2017
616,Binders,3.648,2,11/14/2017
617,Furnishings,40.48,2,8/18/2017
618,Furnishings,9.94,2,8/18/2017
619,Binders,107.424,9,8/18/2017
620,Phones,37.91,1,8/18/2017
621,Furnishings,88.02,3,8/18/2017
627,Furnishings,35.56,7,9/15/2017
645,Paper,6.48,1,7/21/2017
652,Paper,379.4,10,10/23/2016
653,Paper,97.82,2,6/19/2017
654,Accessories,103.12,8,6/19/2017
655,Appliances,113.552,2,8/22/2016
656,Binders,3.318,2,8/22/2016
657,Envelopes,134.288,2,8/22/2016
664,Storage,459.95,5,3/26/2016
669,Furnishings,30.36,5,12/24/2014
681,Binders,14.352,3,11/19/2016
682,Storage,64.96,2,11/19/2016
683,Storage,68.6,4,11/19/2016
689,Bookcases,191.984,2,12/25/2017
695,Art,198.272,8,5/14/2015
696,Labels,47.36,4,5/14/2015
697,Envelopes,200.984,7,5/14/2015
698,Labels,97.696,4,5/14/2015
699,Art,2.696,1,5/14/2015
700,Binders,18.588,2,5/14/2015
701,Binders,4.896,3,5/14/2015
702,Furnishings,15.072,3,9/2/2017
708,Accessories,119.96,4,12/2/2014
709,Bookcases,883.92,5,12/2/2014
710,Binders,46.72,8,12/2/2014
711,Paper,55.48,1,4/5/2014
713,Appliances,281.34,6,5/19/2017
714,Phones,307.98,2,5/19/2017
715,Accessories,299.97,3,5/19/2017
717,Furnishings,9.94,2,1/11/2014
718,Furnishings,103.056,3,9/24/2017
724,Furnishings,129.92,5,10/7/2014
728,Paper,182.72,8,12/3/2016
729,Tables,400.032,2,12/3/2016
730,Storage,33.63,3,12/3/2016
731,Chairs,542.646,3,12/3/2016
732,Labels,6.3,2,12/3/2016
759,Binders,13.128,3,7/23/2017
763,Phones,107.982,3,2/8/2015
777,Art,32.76,7,6/29/2014
782,Binders,32.07,5,10/3/2015
783,Accessories,24.0,2,10/3/2015
784,Bookcases,35.49,1,10/3/2015
785,Accessories,47.984,2,10/3/2015
797,Paper,132.79,7,12/24/2015
798,Paper,12.96,2,12/24/2015
799,Labels,21.56,7,12/24/2015
803,Appliances,355.32,9,8/18/2016
817,Paper,5.344,1,9/15/2016
818,Paper,41.472,8,6/28/2014
819,Binders,3.168,3,6/28/2014
820,Chairs,1228.465,5,6/28/2014
821,Binders,31.086,3,6/28/2014
822,Paper,335.52,4,6/28/2014
823,Accessories,239.97,3,6/20/2017
824,Labels,9.82,2,6/20/2017
840,Art,60.45,3,11/20/2015
841,Art,11.52,4,11/20/2015
842,Bookcases,186.048,4,11/20/2015
849,Furnishings,48.896,4,1/1/2017
850,Accessories,115.36,7,2/7/2014
854,Furnishings,44.46,2,2/19/2016
855,Storage,242.94,3,2/19/2016
856,Paper,39.96,2,8/3/2014
857,Supplies,102.3,10,8/3/2014
858,Storage,21.36,2,8/3/2014
859,Paper,7.61,1,4/10/2017
860,Fasteners,7.16,2,4/10/2017
868,Labels,15.936,4,9/29/2016
869,Binders,44.91,6,4/6/2014
870,Binders,1141.47,5,9/3/2016
871,Phones,280.782,3,9/3/2016
872,Paper,34.44,3,10/19/2015
873,Paper,11.36,2,12/10/2014
874,Binders,106.344,7,12/10/2014
876,Furnishings,322.59,3,1/17/2016
877,Accessories,29.99,1,1/17/2016
878,Accessories,371.97,3,1/17/2016
879,Binders,5.892,4,9/17/2014
880,Binders,68.472,3,11/30/2017
881,Chairs,1242.9,5,11/30/2017
885,Furnishings,17.46,2,4/29/2014
888,Binders,37.66,7,10/14/2017
890,Accessories,149.95,5,6/20/2017
891,Binders,51.312,3,6/20/2017
899,Paper,46.96,8,10/29/2017
900,Binders,8.904,2,4/10/2016
907,Bookcases,323.136,4,12/30/2017
908,Phones,90.93,7,12/30/2017
909,Binders,52.776,3,12/30/2017
913,Furnishings,22.2,6,5/31/2015
922,Accessories,85.14,3,4/11/2015
923,Phones,21.99,1,4/11/2015
924,Appliances,406.6,5,4/11/2015
925,Binders,841.568,2,9/15/2016
926,Paper,15.552,3,9/13/2014
927,Accessories,252.0,5,9/13/2014
930,Art,14.592,3,4/14/2017
931,Art,89.856,3,4/14/2017
932,Paper,13.872,3,4/14/2017
933,Paper,12.192,3,9/2/2017
934,Paper,45.056,8,6/20/2016
935,Binders,29.718,6,6/20/2016
936,Paper,15.552,3,6/20/2016
937,Appliances,447.696,2,6/20/2016
948,Furnishings,516.488,7,11/28/2017
949,Furnishings,1007.232,6,11/28/2017
950,Tables,2065.32,12,11/28/2017
951,Paper,15.552,3,11/28/2017
952,Paper,25.344,6,11/28/2017
953,Furnishings,25.472,4,4/3/2017
965,Labels,9.82,2,4/9/2017
966,Art,35.97,3,4/9/2017
967,Paper,12.96,2,4/9/2017
968,Paper,191.6,4,4/9/2017
969,Labels,8.64,3,4/9/2017
970,Storage,501.81,3,4/9/2017
971,Furnishings,127.104,6,1/16/2014
972,Phones,124.2,3,1/16/2014
973,Binders,18.588,2,1/16/2014
974,Labels,30.072,3,1/16/2014
975,Phones,160.93,7,10/5/2017
976,Binders,75.792,3,10/5/2017
981,Chairs,599.292,6,10/3/2016
989,Furnishings,520.05,5,5/21/2017
990,Art,17.97,3,5/21/2017
992,Binders,14.624,2,9/9/2016
1002,Accessories,2309.65,7,7/31/2015
1003,Tables,1090.782,7,7/31/2015
1004,Paper,19.44,3,7/31/2015
1017,Furnishings,13.96,2,7/6/2015
1018,Furnishings,155.82,3,7/6/2015
1019,Phones,124.95,5,7/6/2015
1020,Storage,601.65,5,7/6/2015
1021,Art,22.74,3,4/27/2015
1022,Chairs,1267.53,3,4/27/2015
1023,Machines,1379.92,8,4/27/2015
1024,Envelopes,6.208,2,6/16/2015
1026,Paper,15.552,3,1/11/2016
1027,Paper,63.312,3,1/11/2016
1028,Phones,15.588,2,1/11/2016
1029,Paper,177.2,5,7/11/2014
1030,Phones,197.97,3,7/11/2014
1031,Chairs,854.94,3,7/11/2014
1032,Furnishings,124.11,9,7/11/2014
1033,Labels,14.4,5,7/11/2014
1034,Paper,15.696,3,11/20/2016
1035,Binders,2.628,2,11/20/2016
1036,Binders,14.427,3,11/20/2016
1042,Accessories,31.86,2,9/6/2016
1043,Bookcases,722.352,3,9/6/2016
1051,Furnishings,168.464,2,7/3/2015
1052,Paper,6.72,2,7/3/2015
1053,Furnishings,282.888,9,7/3/2015
1054,Art,11.16,2,4/4/2015
1055,Furnishings,108.4,2,4/4/2015
1056,Binders,82.344,3,4/4/2015
1057,Binders,9.088,4,4/4/2015
1060,Fasteners,4.416,3,11/24/2016
1062,Appliances,45.216,3,4/16/2015
1063,Fasteners,10.416,7,4/16/2015
1064,Art,7.872,3,4/16/2015
1065,Phones,118.782,3,4/16/2015
1066,Fasteners,1.448,1,4/16/2015
1067,Binders,55.47,5,4/16/2015
1070,Binders,25.176,4,7/25/2015
1073,Binders,8.64,2,11/14/2017
1083,Tables,836.592,8,3/1/2016
1084,Paper,26.38,1,3/1/2016
1085,Storage,362.92,2,3/1/2016
1086,Machines,4899.93,7,3/1/2016
1094,Paper,28.9,5,12/27/2015
1095,Appliances,355.96,2,12/27/2015
1134,Storage,124.608,4,6/5/2016
1135,Labels,7.56,3,6/5/2016
1152,Furnishings,8.352,6,5/8/2015
1163,Phones,9.99,1,3/3/2014
1164,Binders,125.76,3,3/3/2014
1165,Binders,25.32,5,3/3/2014
1168,Furnishings,109.48,2,12/8/2017
1169,Storage,272.94,3,12/8/2017
1170,Paper,19.44,3,12/8/2017
1171,Storage,31.92,4,12/8/2017
1175,Binders,50.112,6,8/22/2015
1176,Supplies,27.93,3,8/29/2016
1178,Chairs,172.5,2,12/1/2016
1179,Phones,179.97,3,12/1/2016
1181,Phones,1322.93,7,6/21/2014
1182,Art,3.76,2,6/21/2014
1207,Storage,11.21,1,7/14/2016
1208,Binders,9.144,3,7/14/2016
1209,Fasteners,14.07,7,7/14/2016
1210,Art,41.86,7,7/14/2016
1211,Binders,8.544,2,7/14/2016
1212,Bookcases,579.136,4,7/14/2016
1213,Chairs,141.372,2,9/9/2017
1214,Binders,3.036,2,9/9/2017
1215,Binders,4.503,1,9/9/2017
1216,Art,4.672,1,9/9/2017
1217,Accessories,95.88,3,9/9/2017
1218,Furnishings,17.024,2,9/9/2017
1219,Accessories,258.696,3,9/9/2017
1220,Phones,1931.958,7,9/9/2017
1223,Furnishings,113.79,3,12/4/2016
1224,Accessories,78.15,1,12/4/2016
1225,Binders,1.728,1,12/4/2016
1226,Paper,40.56,4,12/4/2016
1227,Storage,182.94,3,12/4/2016
1228,Storage,193.86,2,12/4/2016
1232,Art,2.78,2,10/31/2015
1233,Envelopes,79.96,2,10/31/2015
1234,Copiers,839.988,2,5/30/2016
1242,Phones,22.0,4,8/29/2016
1243,Binders,398.352,3,2/15/2016
1244,Fasteners,8.72,4,2/15/2016
1249,Art,38.82,6,12/18/2017
1250,Chairs,1141.938,9,12/18/2017
1251,Appliances,1704.56,13,12/18/2017
1252,Art,3.2,2,12/18/2017
1254,Art,5.248,2,3/10/2017
1255,Phones,35.91,3,3/10/2017
1256,Furnishings,6.696,1,3/10/2017
1257,Furnishings,43.872,2,3/10/2017
1263,Binders,17.472,3,7/7/2017
1286,Storage,14.9,5,6/26/2016
1287,Art,15.48,3,7/4/2015
1288,Furnishings,39.88,2,11/22/2016
1289,Binders,12.192,4,11/22/2016
1290,Art,20.82,3,11/22/2016
1312,Labels,3.69,1,12/9/2016
1313,Labels,122.12,4,12/9/2016
1314,Chairs,155.372,2,9/24/2016
1318,Accessories,14.2,1,12/10/2017
1321,Binders,5.229,3,2/3/2017
1322,Storage,285.552,2,2/3/2017
1325,Storage,46.26,3,9/28/2014
1327,Furnishings,51.072,6,6/14/2015
1328,Paper,11.34,1,3/30/2016
1331,Phones,2.97,1,6/2/2017
1332,Storage,27.44,2,6/2/2017
1336,Storage,552.56,4,5/16/2016
1338,Furnishings,29.78,2,3/31/2017
1339,Phones,677.58,3,3/31/2017
1340,Paper,75.04,8,3/31/2017
1344,Art,47.82,3,5/28/2015
1345,Labels,13.05,5,5/28/2015
1361,Art,123.256,7,10/19/2017
1362,Paper,23.68,4,10/19/2017
1363,Phones,309.576,4,10/19/2017
1372,Accessories,49.08,3,3/7/2017
1397,Binders,17.216,4,11/24/2016
1398,Paper,11.56,2,11/24/2016
1399,Accessories,88.4,4,11/24/2016
1400,Paper,6.48,1,11/24/2016
1403,Tables,205.176,2,4/19/2016
1404,Paper,419.4,5,4/19/2016
1405,Supplies,10.304,1,4/6/2014
1406,Tables,154.764,3,4/6/2014
1407,Accessories,116.784,2,4/6/2014
1408,Art,75.48,2,9/2/2016
1409,Furnishings,39.98,2,9/2/2016
1412,Chairs,408.006,2,7/9/2016
1413,Furnishings,165.28,4,7/9/2016
1414,Binders,334.768,7,6/30/2014
1431,Phones,,8,11/26/2017
1436,Paper,31.104,6,6/20/2017
1437,Art,5.248,2,6/20/2017
1440,Binders,29.7,5,4/12/2017
1441,Paper,39.96,4,4/12/2017
1449,Binders,2.502,3,4/23/2014
1458,Binders,52.2,9,8/17/2015
1460,Furnishings,27.46,2,5/4/2014
1462,Tables,244.006,2,3/11/2016
1465,Fasteners,3.68,2,12/16/2016
1472,Art,6.848,2,9/24/2015
1475,Art,17.28,6,11/19/2016
1476,Binders,17.712,3,11/19/2016
1477,Labels,28.91,7,3/19/2017
1486,Fasteners,3.76,2,11/27/2014
1490,Labels,5.04,2,11/29/2014
1491,Envelopes,62.96,4,4/30/2017
1492,Paper,5.88,1,11/24/2017
1493,Chairs,977.292,6,11/24/2017
1507,Binders,17.88,3,12/24/2017
1516,Chairs,63.686,1,12/11/2017
1527,Art,4.16,2,7/22/2016
1528,Furnishings,11.648,2,7/22/2016
1529,Fasteners,26.18,7,11/7/2015
1530,Paper,7.3,2,11/7/2015
1534,Storage,212.88,6,12/4/2016
1536,Storage,40.74,3,10/29/2016
1537,Appliances,11.67,3,10/29/2016
1538,Phones,39.99,1,9/15/2017
1539,Art,16.28,2,9/15/2017
1540,Bookcases,782.94,3,9/15/2017
1541,Binders,242.48,7,9/15/2017
1542,Furnishings,8.32,5,3/11/2014
1543,Fasteners,10.464,6,3/11/2014
1546,Bookcases,1573.488,7,12/31/2014
1550,Copiers,559.992,1,7/6/2014
1556,Accessories,91.96,4,9/4/2017
1557,Envelopes,9.344,1,5/9/2016
1558,Art,79.36,5,5/9/2016
1563,Tables,1044.63,5,6/30/2017
1564,Paper,11.352,3,11/9/2015
1579,Appliances,170.88,3,2/27/2016
1580,Phones,307.98,2,8/9/2015
1581,Tables,382.806,9,8/9/2015
1582,Storage,41.96,2,8/9/2015
1583,Binders,1217.568,2,8/9/2015
1584,Furnishings,47.04,3,8/9/2015
1585,Furnishings,6.16,2,8/9/2015
1586,Phones,979.95,5,8/9/2015
1587,Paper,143.7,3,8/9/2015
1588,Fasteners,10.65,3,8/9/2015
1589,Accessories,247.8,4,8/9/2015
1596,Chairs,47.992,2,5/8/2017
1597,Furnishings,547.3,13,10/16/2017
1602,Furnishings,211.96,2,5/8/2016
1604,Art,155.94,6,11/30/2017
1615,Accessories,83.976,3,3/15/2016
1619,Storage,59.48,2,9/10/2016
1620,Paper,6.69,1,9/10/2016
1627,Appliances,523.25,5,11/16/2015
1629,Furnishings,17.92,5,6/21/2017
1630,Binders,41.256,6,6/21/2017
1631,Storage,1006.056,3,5/8/2016
1632,Paper,10.688,2,5/8/2016
1633,Paper,10.368,2,5/8/2016
1634,Storage,25.12,2,5/8/2016
1635,Accessories,58.112,2,5/8/2016
1639,Paper,19.44,3,5/26/2016
1640,Binders,9.64,2,5/26/2016
1641,Paper,12.7,2,5/26/2016
1642,Furnishings,41.37,3,5/26/2016
1647,Accessories,35.36,2,11/1/2015
1648,Fasteners,3.168,2,11/1/2015
1649,Binders,121.104,6,9/26/2015
1650,Phones,45.894,1,9/26/2015
1662,Phones,677.58,5,4/30/2017
1663,Binders,13.896,3,4/30/2017
1670,Tables,1018.104,4,1/10/2015
1679,Storage,64.784,1,9/7/2014
1680,Phones,32.382,3,9/7/2014
1681,Furnishings,42.368,2,9/7/2014
1682,Machines,399.54,4,9/7/2014
1685,Appliances,99.28,2,4/24/2017
1686,Binders,1.188,2,4/24/2017
1687,Binders,7.518,2,4/24/2017
1688,Paper,10.368,2,12/10/2017
1689,Furnishings,310.88,2,12/10/2017
1690,Tables,853.092,6,8/16/2014
1693,Furnishings,21.88,5,3/14/2016
1695,Accessories,63.96,4,9/25/2015
1696,Binders,14.46,3,9/25/2015
1697,Phones,104.98,2,9/25/2015
1701,Binders,11.808,2,7/13/2015
1702,Chairs,1931.04,9,7/13/2015
1703,Paper,9.96,2,7/13/2015
1706,Binders,11.61,2,11/22/2015
1716,Binders,7.712,2,4/30/2016
1717,Appliances,242.9,5,5/19/2016
1718,Storage,454.9,5,5/19/2016
1719,Furnishings,35.92,4,5/19/2016
1720,Furnishings,39.76,8,5/19/2016
1721,Binders,47.744,4,5/19/2016
1725,Appliances,434.352,3,12/19/2015
1726,Appliances,3.552,2,12/19/2015
1727,Appliances,88.832,4,12/19/2015
1728,Tables,1048.35,5,4/29/2017
1742,Paper,20.736,4,10/30/2017
1743,Furnishings,7.168,2,10/30/2017
1744,Storage,11.168,2,10/30/2017
1745,Accessories,442.4,7,10/30/2017
1746,Art,13.36,2,6/6/2014
1760,Art,19.536,3,1/5/2014
1774,Binders,20.86,2,4/28/2014
1775,Storage,497.61,9,4/28/2014
1776,Art,5.34,2,4/28/2014
1777,Labels,3.15,1,4/28/2014
1780,Accessories,59.97,3,11/11/2016
1781,Storage,83.36,1,11/11/2016
1782,Paper,6.58,2,7/9/2015
1783,Binders,122.94,3,7/9/2015
1791,Paper,48.94,1,9/30/2014
1796,Storage,63.84,8,8/27/2017
1797,Phones,347.97,3,8/27/2017
1798,Binders,37.008,6,8/27/2017
1803,Binders,5.607,1,9/22/2017
1804,Supplies,4663.736,7,9/22/2017
1805,Accessories,79.984,2,9/22/2017
1813,Furnishings,77.6,5,11/20/2017
1814,Furnishings,4.656,2,11/20/2017
1830,Phones,779.796,2,5/18/2014
1836,Art,21.4,5,6/21/2014
1846,Paper,40.08,6,1/12/2017
1847,Furnishings,37.68,2,1/12/2017
1859,Appliances,137.62,2,9/3/2015
1860,Phones,100.49,1,9/3/2015
1861,Bookcases,257.568,2,3/26/2017
1862,Phones,119.96,4,3/26/2017
1866,Phones,370.782,3,11/12/2017
1868,Paper,31.104,6,6/25/2015
1869,Storage,78.256,2,6/25/2015
1875,Paper,16.224,2,6/4/2014
1876,Bookcases,176.784,1,3/10/2016
1881,Envelopes,29.34,3,3/5/2015
1882,Chairs,383.607,7,3/5/2015
1883,Storage,563.4,4,3/5/2015
1884,Paper,217.056,7,11/13/2016
1889,Appliances,121.792,4,10/21/2014
1890,Tables,409.59,3,10/21/2014
1910,Furnishings,18.96,2,12/18/2017
1918,Art,11.65,5,11/8/2015
1920,Binders,895.92,5,8/17/2017
1921,Chairs,462.564,2,8/17/2017
1922,Storage,15.008,2,10/3/2015
1947,Art,23.1,2,9/2/2017
1948,Furnishings,11.54,2,9/2/2017
1949,Tables,254.526,1,9/2/2017
1950,Appliances,12.98,1,9/2/2017
1951,Binders,26.432,8,9/2/2017
1952,Phones,197.97,3,9/2/2017
1953,Labels,18.9,6,9/2/2017
1954,Chairs,1282.41,5,9/2/2017
1955,Art,4.92,3,9/2/2017
1956,Accessories,238.0,2,9/2/2017
1957,Accessories,167.97,3,9/2/2017
1958,Paper,17.12,4,9/2/2017
1967,Phones,281.97,3,12/21/2017
1968,Supplies,69.5,5,12/21/2017
1969,Paper,166.44,3,12/21/2017
1987,Copiers,1439.976,4,7/25/2016
1992,Binders,4.956,4,2/24/2017
2021,Storage,1606.23,9,9/19/2016
2022,Paper,17.04,3,9/19/2016
2023,Binders,49.53,3,9/19/2016
2024,Chairs,872.32,4,9/19/2016
2029,Binders,14.73,3,11/26/2015
2030,Storage,104.9,5,11/26/2015
2031,Binders,61.04,4,11/26/2015
2032,Paper,10.95,3,11/26/2015
2044,Art,38.864,7,11/18/2017
2046,Appliances,162.64,2,7/17/2016
2047,Phones,597.0,3,7/17/2016
2048,Paper,55.48,1,7/17/2016
2049,Furnishings,289.8,7,7/11/2015
2050,Binders,2.502,3,7/11/2015
2051,Binders,6.48,4,7/11/2015
2052,Chairs,341.488,8,7/11/2015
2053,Art,11.12,5,7/11/2015
2054,Furnishings,25.344,6,7/11/2015
2071,Binders,1.941,1,7/21/2016
2077,Paper,39.9,5,9/12/2017
2078,Appliances,90.86,7,9/12/2017
2079,Paper,94.85,5,9/12/2017
2085,Labels,122.12,4,6/23/2016
2086,Labels,18.45,5,6/23/2016
2087,Storage,324.9,5,6/23/2016
2088,Paper,146.73,3,6/23/2016
2089,Fasteners,3.96,2,6/23/2016
2091,Binders,26.55,3,7/15/2017
2092,Tables,310.443,3,7/15/2017
2104,Paper,221.92,4,3/24/2017
2105,Accessories,26.0,2,3/24/2017
2117,Tables,209.67,1,10/12/2015
2125,Envelopes,104.68,5,12/1/2017
2126,Phones,62.958,7,12/1/2017
2127,Accessories,86.376,3,6/23/2014
2128,Furnishings,64.944,3,10/4/2015
2129,Paper,20.736,4,10/4/2015
2130,Appliances,33.28,4,5/20/2014
2131,Art,38.52,9,5/20/2014
2132,Furnishings,139.86,7,5/20/2014
2133,Paper,19.65,3,11/20/2015
2134,Binders,152.991,3,11/30/2015
2135,Fasteners,10.584,7,11/30/2015
2136,Phones,94.92,4,11/30/2015
2139,Paper,146.82,3,11/16/2017
2140,Binders,149.544,9,6/6/2014
2141,Supplies,17.14,2,6/6/2014
2142,Tables,991.764,3,6/6/2014
2143,Paper,30.48,6,9/1/2016
2144,Phones,23.988,2,9/1/2016
2145,Fasteners,16.688,7,9/1/2016
2146,Chairs,422.058,3,6/25/2016
2147,Binders,38.088,4,6/25/2016
2148,Storage,254.352,6,6/25/2016
2150,Phones,84.95,5,3/31/2017
2153,Paper,14.94,3,11/22/2015
2154,Binders,14.16,2,7/14/2016
2161,Furnishings,79.384,1,5/14/2016
2169,Art,14.016,3,1/27/2017
2170,Accessories,71.976,3,1/27/2017
2171,Phones,107.982,3,1/27/2017
2180,Binders,85.232,7,5/7/2016
2181,Labels,44.4,3,5/7/2016
2182,Chairs,442.764,4,5/7/2016
2183,Machines,3999.95,5,5/7/2016
2184,Accessories,199.95,5,5/7/2016
2185,Furnishings,63.68,8,5/7/2016
2199,Paper,15.552,3,3/28/2015
2200,Paper,5.232,1,3/28/2015
2205,Furnishings,20.104,1,6/29/2015
2209,Art,16.52,4,8/22/2015
2210,Phones,832.93,7,11/14/2014
2211,Binders,43.8,10,11/14/2014
2213,Furnishings,27.42,1,11/21/2017
2222,Phones,485.94,2,12/6/2015
2223,Art,37.376,8,12/6/2015
2224,Chairs,70.686,1,12/6/2015
2225,Paper,54.816,3,7/31/2017
2229,Tables,330.588,1,10/1/2016
2235,Accessories,205.03,7,12/5/2017
2242,Phones,494.982,3,11/26/2016
2256,Phones,437.85,3,9/17/2016
2257,Furnishings,109.48,2,9/17/2016
2262,Accessories,166.24,1,12/18/2015
2269,Paper,6.48,1,12/20/2017
2270,Binders,6.984,1,12/20/2017
2283,Paper,48.16,7,9/3/2016
2288,Appliances,17.48,5,6/1/2017
2294,Phones,4.95,1,11/1/2015
2295,Furnishings,181.95,3,12/23/2017
2296,Paper,13.52,4,11/1/2015
2297,Furnishings,259.7,5,11/1/2015
2298,Phones,42.95,1,11/1/2015
2299,Accessories,1399.93,7,11/1/2015
2300,Phones,503.96,4,11/1/2015
2308,Accessories,390.75,5,11/5/2017
2326,Binders,79.872,3,9/15/2015
2327,Bookcases,46.384,1,9/15/2015
2328,Paper,12.96,2,9/15/2015
2330,Furnishings,547.136,4,12/25/2015
2336,Envelopes,10.86,3,12/10/2017
2337,Appliances,426.79,7,12/10/2017
2338,Paper,25.92,4,8/23/2014
2339,Paper,45.92,4,8/23/2014
2340,Art,10.72,2,8/19/2014
2342,Furnishings,63.2,5,12/31/2014
2343,Accessories,113.97,3,12/31/2014
2358,Tables,1579.746,7,3/17/2014
2359,Tables,1071.576,4,3/17/2014
2360,Tables,613.908,3,3/17/2014
2361,Paper,34.86,7,3/17/2014
2362,Paper,155.04,4,3/17/2014
2363,Binders,13.71,5,4/16/2017
2368,Paper,23.12,4,2/10/2017
2369,Furnishings,532.704,6,9/23/2016
2370,Art,4.912,2,9/23/2016
2371,Accessories,252.0,4,7/7/2017
2377,Binders,76.776,4,8/19/2014
2378,Supplies,9.184,2,8/19/2014
2380,Fasteners,7.216,2,5/6/2016
2381,Paper,49.568,2,5/6/2016
2382,Furnishings,54.712,7,5/6/2016
2390,Paper,6.48,1,12/6/2015
2391,Paper,41.86,7,12/6/2015
2392,Accessories,1619.91,9,12/6/2015
2393,Furnishings,113.92,4,12/6/2015
2394,Art,39.68,2,3/17/2016
2395,Accessories,37.6,2,11/14/2015
2396,Accessories,59.9,2,11/14/2015
2397,Paper,37.0,5,11/14/2015
2411,Fasteners,5.68,2,8/1/2014
2416,Bookcases,301.96,2,7/6/2015
2424,Accessories,158.928,7,12/25/2017
2425,Binders,13.023,1,12/25/2017
2426,Tables,273.06,2,12/25/2017
2427,Fasteners,39.312,13,12/25/2017
2433,Chairs,366.786,7,3/25/2014
2441,Phones,345.0,5,5/22/2016
2442,Tables,174.286,2,5/22/2016
2443,Appliances,662.84,4,5/22/2016
2444,Accessories,95.1,5,5/22/2016
2445,Envelopes,26.88,6,5/22/2016
2446,Phones,257.98,2,5/22/2016
2448,Chairs,492.835,5,10/31/2016
2451,Labels,18.75,5,3/17/2017
2452,Phones,119.7,6,3/17/2017
2453,Binders,9.144,3,3/17/2017
2454,Accessories,57.06,3,3/17/2017
2455,Accessories,71.6,8,3/17/2017
2456,Storage,107.44,8,3/17/2017
2457,Labels,7.31,1,3/17/2017
2458,Art,59.1,6,3/17/2017
2459,Storage,46.53,3,3/17/2017
2460,Appliances,97.84,2,8/15/2017
2463,Binders,83.92,5,12/3/2017
2464,Binders,14.624,2,12/3/2017
2465,Phones,136.99,1,12/3/2017
2466,Labels,3.15,1,12/3/2017
2479,Art,5.46,3,9/13/2014
2487,Storage,85.52,2,1/2/2015
2488,Art,9.84,3,1/2/2015
2489,Paper,20.04,3,1/2/2015
2490,Phones,631.96,4,10/9/2015
2491,Paper,23.92,4,10/9/2015
2493,Phones,4548.81,7,11/19/2014
2516,Storage,264.32,2,9/5/2014
2518,Furnishings,129.93,3,5/2/2017
2535,Storage,1801.632,6,8/15/2017
2537,Chairs,181.986,2,1/27/2015
2538,Phones,,4,1/27/2015
2539,Phones,155.37,1,1/27/2015
2543,Appliances,143.952,3,9/26/2014
2544,Bookcases,173.94,3,9/8/2016
2545,Labels,14.76,4,9/8/2016
2556,Accessories,50.0,2,9/26/2015
2564,Accessories,15.02,1,3/17/2015
2565,Storage,33.82,2,3/17/2015
2569,Storage,478.08,8,9/7/2017
2570,Phones,164.388,2,12/27/2017
2571,Art,13.248,4,12/27/2017
2587,Storage,248.57,7,6/30/2017
2588,Furnishings,22.23,1,6/30/2017
2600,Appliances,121.94,2,4/23/2017
2601,Supplies,122.71,7,4/23/2017
2602,Paper,14.94,3,6/4/2016
2603,Machines,1349.85,3,6/4/2016
2604,Bookcases,136.784,1,6/4/2016
2605,Furnishings,61.12,4,6/4/2016
2624,Copiers,11199.968,4,10/22/2017
2625,Phones,2399.6,8,10/22/2017
2626,Envelopes,63.9,5,10/22/2017
2627,Phones,52.99,1,10/22/2017
2628,Accessories,60.864,4,11/13/2017
2629,Machines,652.995,7,11/13/2017
2630,Binders,11.22,10,11/13/2017
2638,Paper,19.04,4,6/12/2017
2639,Binders,13.128,3,6/12/2017
2640,Art,64.14,3,6/12/2017
2641,Chairs,858.24,4,6/12/2017
2661,Phones,1979.89,11,11/28/2017
2662,Envelopes,79.96,2,11/28/2017
2671,Paper,166.44,3,9/9/2014
2672,Chairs,785.88,6,9/9/2014
2673,Paper,26.2,2,9/9/2014
2674,Storage,1325.85,5,9/9/2014
2691,Binders,5.346,3,12/4/2017
2696,Paper,30.352,2,2/7/2016
2704,Paper,116.28,3,5/24/2014
2705,Accessories,132.6,6,7/11/2017
2712,Furnishings,45.888,4,10/9/2017
2713,Art,60.12,9,7/29/2017
2716,Phones,129.98,2,12/4/2014
2718,Phones,377.97,3,9/7/2014
2726,Phones,359.97,5,11/7/2017
2727,Tables,350.352,4,11/7/2017
2728,Binders,1.641,1,12/22/2017
2729,Phones,629.958,7,12/22/2017
2733,Phones,73.98,2,7/2/2014
2734,Art,5.58,1,7/2/2014
2736,Phones,377.97,3,11/13/2015
2737,Paper,42.28,7,11/13/2015
2738,Bookcases,299.97,3,11/13/2015
2739,Phones,89.98,2,11/13/2015
2742,Envelopes,46.72,5,2/25/2016
2747,Tables,700.056,3,5/12/2014
2758,Accessories,239.97,3,6/11/2016
2764,Binders,10.332,3,6/22/2017
2765,Binders,31.155,5,6/22/2017
2766,Storage,8.928,2,6/22/2017
2767,Appliances,34.384,1,1/15/2017
2768,Appliances,1924.16,8,1/15/2017
2775,Paper,10.368,2,11/11/2017
2781,Labels,59.2,4,5/6/2017
2784,Phones,23.988,2,11/5/2016
2785,Phones,23.976,4,10/9/2016
2816,Binders,114.6,5,9/1/2015
2817,Chairs,60.74,1,9/1/2015
2818,Furnishings,124.36,2,9/1/2015
2819,Storage,1088.76,6,9/1/2015
2829,Paper,108.336,6,4/23/2016
2830,Storage,55.92,5,4/23/2016
2831,Paper,78.304,2,4/23/2016
2840,Storage,120.33,1,9/3/2015
2844,Accessories,36.048,3,5/18/2017
2846,Art,50.94,3,11/17/2017
2851,Storage,64.784,1,6/2/2016
2853,Furnishings,14.98,1,3/19/2016
2854,Furnishings,20.32,4,3/19/2016
2855,Storage,40.29,3,8/20/2017
2868,Supplies,14.72,5,11/10/2016
2869,Storage,38.976,3,11/10/2016
2875,Fasteners,6.03,3,12/29/2017
2878,Envelopes,52.34,2,1/15/2016
2879,Art,4.66,2,1/15/2016
2880,Accessories,254.97,3,1/15/2016
2881,Binders,25.44,6,9/19/2016
2882,Supplies,27.93,3,9/19/2016
2893,Paper,11.56,2,10/23/2017
2894,Paper,26.4,5,10/23/2017
2895,Furnishings,69.08,11,10/23/2017
2896,Phones,35.88,3,10/23/2017
2897,Art,49.65,5,3/30/2014
2900,Copiers,479.984,2,9/12/2015
2901,Labels,12.6,4,9/12/2015
2912,Envelopes,41.4,5,6/16/2014
2913,Art,35.0,4,6/16/2014
2914,Binders,39.552,3,6/16/2014
2919,Fasteners,15.8,5,11/23/2016
2920,Furnishings,14.368,2,11/23/2016
2921,Furnishings,70.448,7,11/23/2016
2925,Appliances,19.9,1,9/2/2014
2926,Furnishings,70.71,1,9/2/2014
2956,Phones,39.99,1,8/18/2016
2957,Chairs,191.646,3,6/27/2017
2958,Binders,2.313,1,5/4/2017
2977,Chairs,188.552,7,12/4/2017
2978,Storage,22.58,2,10/3/2017
2980,Paper,20.736,4,6/12/2015
2981,Furnishings,43.296,2,6/12/2015
2993,Appliances,61.44,3,10/2/2016
2997,Envelopes,24.896,4,6/21/2014
2998,Furnishings,3.984,1,6/21/2014
2999,Accessories,95.968,4,6/21/2014
3000,Machines,206.991,3,6/21/2014
3001,Appliances,44.416,2,6/21/2014
3002,Binders,9.006,2,6/21/2014
3004,Binders,33.376,4,12/16/2017
3005,Appliances,207.48,1,9/8/2016
3007,Appliances,904.9,5,10/13/2017
3010,Appliances,243.88,5,7/25/2016
3016,Tables,344.22,2,9/17/2015
3025,Binders,52.272,11,11/8/2015
3026,Paper,17.94,3,11/8/2015
3027,Furnishings,254.352,3,4/22/2017
3034,Paper,20.736,4,9/16/2017
3045,Phones,1022.97,5,4/30/2015
3061,Accessories,119.976,3,11/7/2016
3063,Phones,83.97,3,11/27/2015
3064,Accessories,104.97,3,11/27/2015
3070,Appliances,663.936,4,11/30/2017
3071,Storage,2934.33,7,11/17/2014
3072,Furnishings,124.41,3,11/17/2014
3073,Art,57.75,5,11/17/2014
3084,Binders,3.928,1,1/28/2014
3091,Binders,447.86,7,3/3/2016
3092,Phones,479.95,5,3/3/2016
3093,Paper,166.44,3,3/3/2016
3100,Binders,10.776,3,4/14/2017
3101,Bookcases,242.352,3,4/14/2017
3102,Supplies,695.16,6,12/22/2017
3103,Bookcases,220.98,1,12/22/2017
3104,Binders,12.957,7,12/8/2016
3105,Paper,25.68,6,3/23/2017
3127,Phones,258.528,2,9/8/2017
3128,Paper,49.12,4,10/2/2017
3133,Furnishings,13.28,2,8/24/2014
3134,Binders,12.672,3,8/24/2014
3141,Appliances,206.43,3,4/25/2015
3143,Accessories,119.96,5,9/25/2017
3144,Art,10.608,6,9/25/2017
3149,Paper,32.4,5,6/7/2016
3151,Accessories,2025.36,6,12/15/2015
3152,Machines,1799.994,2,12/15/2015
3153,Phones,101.988,2,12/15/2015
3154,Furnishings,262.864,7,12/15/2015
3157,Tables,284.364,2,8/24/2015
3158,Accessories,26.0,2,8/24/2015
3178,Paper,18.76,2,9/10/2017
3179,Furnishings,20.94,3,12/5/2017
3180,Furnishings,58.68,2,12/5/2017
3181,Appliances,254.9,5,12/5/2017
3182,Binders,9.64,2,11/9/2017
3183,Accessories,826.62,3,11/9/2017
3184,Storage,1633.14,9,11/9/2017
3185,Storage,544.38,3,11/9/2017
3188,Phones,69.93,7,3/12/2017
3192,Phones,65.99,1,10/2/2017
3197,Phones,29.97,3,7/22/2017
3200,Art,18.704,7,12/18/2017
3201,Furnishings,149.232,3,5/18/2014
3202,Paper,15.936,4,5/18/2014
3214,Art,1.504,1,5/26/2016
3215,Appliances,34.848,2,5/26/2016
3218,Binders,931.176,3,11/10/2017
3219,Phones,430.88,2,11/10/2017
3220,Paper,94.85,5,10/2/2015
3221,Envelopes,51.12,4,10/2/2015
3222,Accessories,90.0,1,10/2/2015
3230,Storage,375.34,1,8/11/2014
3231,Furnishings,114.9,5,9/1/2017
3236,Tables,181.797,1,1/15/2016
3237,Storage,44.94,3,5/2/2016
3238,Binders,45.576,3,5/2/2016
3252,Furnishings,60.312,3,4/17/2017
3266,Storage,281.904,2,10/11/2014
3267,Envelopes,201.432,3,10/11/2014
3284,Furnishings,15.24,3,9/30/2014
3285,Binders,63.924,7,9/12/2014
3296,Machines,1704.89,11,10/1/2017
3300,Binders,50.997,1,11/18/2014
3301,Storage,76.792,1,11/18/2014
3302,Phones,539.964,6,11/18/2014
3303,Furnishings,60.312,3,11/18/2014
3304,Binders,1.944,3,11/18/2014
3310,Binders,25.344,6,11/5/2015
3311,Binders,232.4,5,9/17/2016
3315,Chairs,271.764,2,12/24/2017
3316,Binders,14.376,3,12/24/2017
3323,Appliances,68.94,3,7/23/2015
3324,Furnishings,128.82,3,7/23/2015
3342,Paper,122.97,3,8/27/2016
3343,Tables,244.615,1,8/27/2016
3344,Phones,59.97,3,8/27/2016
3345,Paper,81.54,9,8/27/2016
3346,Fasteners,11.68,4,8/27/2016
3347,Binders,29.0,5,8/27/2016
3351,Accessories,89.97,3,12/26/2016
3354,Phones,359.98,2,7/19/2014
3355,Tables,70.56,1,7/19/2014
3356,Binders,20.88,2,7/19/2014
3357,Binders,3.81,1,7/19/2014
3361,Paper,30.44,4,6/4/2015
3362,Furnishings,35.28,3,6/4/2015
3363,Paper,19.44,3,12/13/2015
3364,Binders,37.88,2,12/13/2015
3374,Furnishings,28.44,3,12/4/2015
3375,Chairs,364.41,5,12/4/2015
3376,Phones,39.96,4,12/4/2015
3377,Chairs,361.764,2,12/4/2015
3381,Furnishings,24.048,9,11/23/2017
3383,Envelopes,17.94,3,12/4/2015
3384,Chairs,384.174,7,12/4/2015
3385,Phones,1799.75,5,12/4/2015
3395,Paper,40.032,6,6/10/2017
3406,Chairs,281.372,2,4/23/2014
3407,Chairs,281.372,2,4/23/2014
3408,Binders,7.488,8,4/23/2014
3409,Furnishings,22.336,4,4/23/2014
3410,Paper,10.368,2,4/30/2017
3420,Chairs,271.764,2,9/6/2015
3428,Paper,32.896,4,7/3/2017
3429,Tables,215.148,2,7/3/2017
3430,Paper,30.96,6,7/3/2017
3442,Paper,108.92,14,3/11/2014
3443,Envelopes,16.74,3,11/19/2017
3444,Appliances,2504.74,7,11/19/2017
3445,Storage,84.784,2,7/29/2016
3446,Storage,29.9,5,6/12/2015
3447,Paper,70.88,2,8/6/2016
3457,Accessories,71.976,3,9/16/2017
3458,Furnishings,22.512,3,9/16/2017
3459,Binders,3.444,2,9/16/2017
3460,Binders,538.194,2,9/16/2017
3461,Accessories,47.984,2,9/16/2017
3463,Art,286.79,7,2/20/2015
3466,Appliances,61.96,2,9/10/2015
3467,Bookcases,361.96,2,9/10/2015
3468,Paper,278.82,9,9/10/2015
3472,Paper,10.848,2,11/12/2017
3473,Accessories,18.544,2,11/12/2017
3486,Binders,7.92,4,10/21/2016
3505,Storage,900.08,4,12/18/2016
3532,Supplies,54.9,5,5/28/2016
3537,Storage,40.74,3,6/17/2016
3542,Furnishings,5.352,3,9/18/2016
3543,Chairs,99.372,2,9/18/2016
3544,Art,2.672,1,9/18/2016
3554,Binders,7.476,1,11/23/2017
3561,Art,8.256,4,9/4/2017
3562,Binders,25.56,5,9/4/2017
3563,Binders,4.368,2,9/4/2017
3564,Paper,11.52,4,9/4/2017
3574,Art,11.68,2,8/7/2017
3575,Art,104.8,10,8/7/2017
3588,Phones,1169.694,3,9/24/2017
3593,Storage,465.18,3,12/5/2016
3594,Binders,22.428,3,9/11/2016
3595,Storage,37.52,5,9/11/2016
3596,Art,2.624,1,12/9/2017
3597,Paper,15.552,3,9/9/2014
3598,Accessories,64.704,6,9/9/2014
3599,Furnishings,17.472,3,9/9/2014
3600,Phones,135.516,1,9/9/2014
3602,Paper,12.448,2,11/17/2014
3603,Chairs,657.93,5,11/17/2014
3604,Paper,277.4,5,8/21/2017
3605,Furnishings,25.16,2,8/21/2017
3606,Furnishings,91.92,4,8/21/2017
3607,Envelopes,29.34,3,3/12/2016
3608,Binders,139.44,3,9/23/2014
3609,Labels,6.912,3,4/28/2014
3610,Storage,27.096,3,4/28/2014
3611,Storage,177.568,2,4/28/2014
3613,Paper,16.448,2,12/3/2015
3614,Accessories,36.784,2,12/3/2015
3617,Binders,9.555,5,9/5/2016
3630,Appliances,52.272,3,11/26/2017
3631,Appliances,213.136,7,11/26/2017
3634,Labels,9.216,4,11/10/2016
3635,Phones,41.958,7,11/10/2016
3636,Paper,89.568,2,11/10/2016
3637,Paper,22.248,3,11/10/2016
3638,Appliances,334.88,4,11/10/2016
3639,Furnishings,148.288,7,11/10/2016
3640,Paper,4.624,1,11/10/2016
3641,Accessories,178.92,7,11/10/2016
3642,Binders,69.888,7,11/10/2016
3657,Accessories,9.096,1,9/8/2017
3663,Accessories,258.9,10,7/3/2017
3664,Paper,24.56,2,7/3/2017
3673,Envelopes,8.872,1,4/8/2016
3674,Binders,121.104,6,4/8/2016
3675,Chairs,127.372,2,11/6/2017
3676,Paper,47.952,3,11/6/2017
3678,Fasteners,15.8,4,7/9/2015
3679,Machines,464.97,3,7/9/2015
3680,Furnishings,181.96,2,7/9/2015
3681,Labels,12.39,3,7/9/2015
3682,Binders,84.09,3,7/9/2015
3683,Art,79.36,4,7/9/2015
3684,Binders,153.36,9,7/9/2015
3685,Binders,43.68,6,7/9/2015
3686,Storage,98.21,7,7/9/2015
3700,Accessories,163.96,4,11/13/2017
3701,Furnishings,37.93,1,12/24/2017
3702,Furnishings,15.168,2,1/9/2016
3727,Storage,360.38,2,6/5/2016
3728,Art,11.16,2,6/5/2016
3729,Labels,14.94,3,6/5/2016
3730,Storage,41.96,2,9/18/2015
3731,Storage,636.86,7,9/18/2015
3732,Phones,499.99,1,9/18/2015
3733,Phones,1259.93,7,9/18/2015
3734,Binders,65.08,4,9/18/2015
3735,Paper,26.38,1,3/6/2017
3736,Furnishings,71.97,3,3/6/2017
3737,Phones,129.98,2,3/17/2016
3738,Binders,32.54,2,3/17/2016
3742,Envelopes,16.52,4,1/15/2016
3743,Paper,60.12,9,1/15/2016
3744,Binders,49.536,3,1/15/2016
3758,Art,111.104,7,2/29/2016
3762,Paper,87.6,5,5/12/2017
3772,Storage,,2,5/12/2016
3780,Paper,37.94,2,2/16/2017
3782,Phones,269.982,3,7/9/2015
3786,Binders,3.132,2,12/26/2017
3792,Binders,4.419,3,2/27/2015
3793,Art,16.032,6,2/27/2015
3794,Art,29.79,3,11/27/2015
3820,Binders,12.816,3,10/9/2017
3821,Bookcases,314.352,3,10/9/2017
3822,Paper,18.98,2,10/9/2017
3823,Binders,18.24,6,10/9/2017
3824,Storage,991.2,6,9/14/2015
3825,Copiers,879.984,2,9/14/2015
3826,Binders,12.96,9,9/14/2015
3832,Furnishings,76.14,3,11/14/2015
3833,Binders,19.96,2,11/14/2015
3834,Phones,1049.97,5,11/24/2014
3835,Chairs,611.058,3,11/24/2014
3852,Furnishings,85.3,2,9/21/2015
3862,Binders,40.176,3,5/3/2014
3863,Binders,10.896,3,5/3/2014
3900,Accessories,127.984,2,12/7/2017
3902,Accessories,47.984,2,11/14/2015
3904,Appliances,98.112,7,4/5/2015
3905,Storage,563.808,4,4/5/2015
3906,Binders,10.428,4,4/5/2015
3907,Furnishings,547.136,4,4/5/2015
3908,Phones,14.85,5,4/5/2015
3909,Phones,41.988,2,4/5/2015
3910,Furnishings,7.584,1,4/5/2015
3911,Bookcases,352.45,5,4/5/2015
3913,Paper,19.44,3,9/18/2017
3914,Furnishings,9.82,2,9/18/2017
3932,Art,5.472,3,8/26/2016
3933,Accessories,47.984,2,8/26/2016
3941,Furnishings,14.56,2,5/18/2017
3942,Binders,3.048,1,5/18/2017
3944,Supplies,835.17,7,6/23/2016
3952,Binders,17.248,2,11/28/2014
3954,Paper,12.7,2,1/15/2017
3965,Art,7.872,3,9/22/2016
3967,Art,88.04,4,4/1/2016
3973,Paper,13.48,2,3/29/2016
3974,Binders,29.8,5,3/29/2016
3975,Furnishings,414.0,8,3/29/2016
3976,Binders,41.328,7,3/29/2016
3980,Tables,53.316,2,12/23/2014
3981,Appliances,56.52,3,12/23/2014
3987,Storage,2591.56,4,4/8/2017
3988,Appliances,41.95,5,4/8/2017
3990,Furnishings,52.96,2,11/25/2014
3991,Supplies,286.344,3,11/3/2014
4011,Paper,8.448,2,11/21/2017
4012,Storage,39.296,4,11/21/2017
4021,Chairs,170.058,3,6/22/2014
4022,Phones,82.782,3,6/22/2014
4023,Chairs,853.93,5,6/22/2014
4035,Binders,18.693,3,12/12/2016
4036,Accessories,383.952,6,12/12/2016
4048,Paper,80.88,3,7/16/2015
4049,Accessories,599.9,10,7/16/2015
4050,Furnishings,276.69,3,6/24/2017
4051,Chairs,172.764,2,6/24/2017
4052,Art,4.224,3,9/29/2014
4053,Tables,409.272,2,9/29/2014
4054,Labels,55.44,11,9/29/2014
4055,Paper,20.928,4,9/29/2014
4056,Storage,1801.632,6,9/29/2014
4057,Tables,67.176,1,9/29/2014
4063,Accessories,39.992,1,3/10/2016
4090,Labels,20.7,2,4/1/2016
4091,Supplies,10.95,3,4/1/2016
4092,Binders,14.352,3,4/1/2016
4093,Storage,221.024,2,5/16/2017
4108,Storage,13.96,2,9/7/2015
4109,Tables,27.414,3,9/7/2015
4121,Accessories,19.04,4,9/4/2017
4125,Appliances,35.91,3,5/11/2014
4140,Storage,37.392,3,12/1/2017
4141,Furnishings,79.12,5,12/1/2017
4147,Furnishings,322.59,3,11/28/2015
4152,Labels,29.24,5,9/7/2017
4153,Paper,15.552,3,9/7/2017
4154,Envelopes,4.896,3,9/7/2017
4157,Accessories,47.984,2,12/5/2015
4158,Binders,26.064,6,12/5/2015
4161,Phones,539.97,3,5/14/2017
4162,Storage,22.58,2,5/14/2017
4163,Labels,16.52,4,3/14/2015
4164,Binders,671.94,3,3/14/2015
4167,Paper,19.44,3,3/8/2015
4182,Accessories,319.96,4,10/6/2017
4183,Paper,17.04,3,10/6/2017
4184,Storage,344.91,3,10/6/2017
4185,Bookcases,81.94,1,12/5/2016
4186,Accessories,98.16,6,10/21/2016
4191,Copiers,10499.97,3,11/17/2017
4197,Labels,21.93,3,4/18/2015
4198,Appliances,394.816,4,12/3/2016
4199,Binders,18.192,4,12/3/2016
4200,Labels,7.31,1,12/10/2015
4201,Copiers,799.984,2,12/10/2015
4202,Paper,41.28,6,12/10/2015
4203,Paper,184.66,7,12/10/2015
4204,Art,49.25,5,10/31/2014
4205,Paper,10.16,2,10/31/2014
4206,Furnishings,14.76,2,10/31/2014
4207,Binders,34.08,2,10/31/2014
4208,Furnishings,17.67,3,10/31/2014
4209,Chairs,1604.9,5,10/31/2014
4210,Tables,385.686,1,10/31/2014
4216,Envelopes,62.28,4,11/30/2014
4235,Paper,11.352,3,9/21/2014
4236,Labels,20.808,9,9/21/2014
4238,Art,9.408,7,8/29/2017
4246,Art,1.64,1,11/28/2017
4247,Furnishings,1049.2,5,11/28/2017
4248,Furnishings,20.9,5,11/28/2017
4249,Binders,88.08,6,12/1/2016
4250,Chairs,751.92,4,12/1/2016
4251,Chairs,887.103,7,9/19/2014
4260,Envelopes,47.98,2,10/28/2017
4261,Labels,13.05,5,10/15/2017
4264,Binders,11.673,3,11/3/2017
4272,Furnishings,207.76,4,11/24/2016
4278,Machines,9099.93,7,4/16/2016
4279,Furnishings,9.96,2,4/16/2016
4280,Binders,25.3,5,4/16/2016
4281,Paper,11.36,2,11/14/2014
4282,Chairs,69.264,2,11/14/2014
4294,Phones,53.982,3,3/10/2017
4303,Art,3.912,1,8/22/2014
4314,Appliances,16.78,2,9/8/2014
4322,Binders,14.952,2,2/14/2015
4323,Phones,323.982,3,2/14/2015
4324,Binders,2.286,2,2/14/2015
4325,Art,14.352,3,2/14/2015
4326,Accessories,71.976,3,2/14/2015
4327,Art,9.21,3,1/25/2016
4328,Paper,18.0,5,1/25/2016
4329,Paper,42.93,9,4/1/2017
4347,Chairs,631.782,2,9/18/2016
4348,Furnishings,60.72,3,9/18/2016
4351,Storage,16.768,2,4/11/2017
4352,Accessories,27.12,2,4/11/2017
4361,Paper,111.96,2,5/21/2016
4375,Appliances,103.968,6,11/18/2016
4389,Paper,46.76,7,11/20/2017
4390,Bookcases,183.968,2,11/20/2017
4391,Phones,1259.97,3,11/20/2017
4392,Art,68.97,3,11/20/2017
4395,Storage,25.984,1,7/20/2014
4396,Binders,27.36,3,7/20/2014
4398,Chairs,172.186,2,7/7/2014
4399,Furnishings,69.008,2,7/7/2014
4400,Envelopes,199.9,5,3/17/2016
4401,Appliances,901.95,3,3/17/2016
4402,Furnishings,971.5,5,3/17/2016
4404,Art,21.24,3,9/2/2014
4405,Accessories,34.8,3,7/5/2015
4406,Storage,38.976,3,7/5/2015
4412,Paper,19.65,3,6/21/2014
4413,Phones,617.97,3,6/21/2014
4414,Appliances,59.7,3,6/21/2014
4415,Binders,387.99,1,8/19/2017
4419,Furnishings,190.848,3,12/20/2014
4420,Binders,5.484,4,12/17/2014
4430,Art,70.95,3,9/14/2017
4467,Art,16.38,9,11/24/2017
4468,Envelopes,167.96,2,11/24/2017
4469,Bookcases,321.568,2,11/24/2017
4470,Paper,12.96,2,11/24/2017
4471,Chairs,128.058,3,5/8/2017
4472,Chairs,63.686,1,9/29/2017
4473,Accessories,239.976,3,9/29/2017
4474,Tables,344.22,2,9/29/2017
4475,Paper,15.552,3,9/29/2017
4476,Furnishings,21.248,4,9/29/2017
4477,Paper,8.448,2,9/29/2017
4480,Paper,24.9,5,3/24/2014
4492,Copiers,659.988,2,12/1/2014
4493,Furnishings,8.128,2,12/1/2014
4494,Paper,36.288,7,12/1/2014
4495,Chairs,909.72,6,12/1/2014
4498,Binders,631.176,4,12/2/2017
4524,Labels,34.86,7,11/2/2014
4525,Furnishings,89.34,6,11/2/2014
4526,Phones,269.98,2,7/17/2017
4527,Paper,99.9,5,7/17/2017
4528,Furnishings,39.08,4,7/17/2017
4529,Accessories,116.832,4,9/8/2017
4531,Chairs,408.006,2,11/14/2016
4532,Storage,40.44,3,11/14/2016
4540,Phones,105.98,2,2/27/2015
4541,Tables,493.92,7,2/27/2015
4551,Labels,5.76,2,4/30/2017
4580,Paper,65.78,11,7/27/2014
4582,Furnishings,25.632,3,9/19/2016
4583,Labels,23.616,8,6/10/2016
4597,Art,33.92,8,12/5/2016
4600,Chairs,150.98,1,7/16/2015
4601,Envelopes,137.25,9,7/16/2015
4602,Fasteners,11.52,4,7/16/2015
4607,Phones,45.99,1,5/28/2015
4608,Storage,535.41,3,5/28/2015
4609,Binders,6.096,2,5/28/2015
4610,Paper,45.36,7,5/28/2015
4618,Phones,589.9,2,9/21/2015
4619,Chairs,542.94,3,9/21/2015
4622,Storage,77.55,5,10/5/2015
4627,Storage,77.55,5,11/13/2016
4628,Storage,24.88,2,11/13/2016
4629,Art,140.75,5,11/13/2016
4630,Storage,36.63,3,11/13/2016
4646,Chairs,145.764,2,8/12/2016
4648,Chairs,434.646,3,4/26/2016
4653,Paper,11.76,2,2/17/2017
4654,Storage,166.45,5,2/17/2017
4657,Art,59.904,2,5/3/2015
4658,Appliances,23.696,2,5/3/2015
4659,Paper,7.968,2,5/3/2015
4660,Appliances,18.2,7,5/3/2015
4661,Accessories,27.552,3,5/3/2015
4662,Chairs,844.116,6,5/3/2015
4663,Storage,76.752,3,5/3/2015
4676,Furnishings,15.008,2,3/27/2017
4682,Fasteners,29.61,9,7/14/2016
4684,Tables,241.92,4,8/29/2016
4685,Bookcases,163.88,4,8/29/2016
4686,Binders,3.486,2,8/29/2016
4687,Fasteners,10.584,7,8/29/2016
4689,Binders,5.715,5,3/30/2017
4705,Supplies,65.17,7,5/17/2016
4706,Labels,14.62,2,5/17/2016
4707,Furnishings,173.24,4,5/17/2016
4712,Binders,0.852,1,3/31/2014
4718,Art,8.22,3,12/12/2015
4727,Storage,1117.92,4,11/25/2014
4728,Bookcases,275.952,3,11/25/2014
4735,Chairs,658.746,3,4/7/2016
4736,Binders,8.26,2,6/13/2015
4737,Binders,29.84,2,6/13/2015
4738,Accessories,67.98,2,6/13/2015
4757,Binders,1.908,2,9/21/2017
4759,Phones,783.96,4,11/3/2014
4760,Binders,48.896,2,11/3/2014
4761,Binders,7.856,2,11/3/2014
4762,Labels,5.904,2,12/30/2016
4763,Supplies,13.712,2,12/30/2016
4766,Art,25.99,1,4/24/2015
4777,Labels,8.67,3,2/19/2016
4778,Supplies,25.71,3,2/19/2016
4779,Appliances,100.94,7,11/7/2017
4780,Chairs,63.882,1,7/8/2014
4794,Paper,24.96,4,6/29/2015
4804,Phones,39.594,1,7/13/2017
4805,Furnishings,91.008,9,7/13/2017
4809,Envelopes,62.808,3,11/23/2014
4812,Chairs,380.058,3,11/14/2016
4813,Copiers,1199.976,4,11/14/2016
4814,Furnishings,48.576,3,11/14/2016
4816,Paper,18.264,3,12/26/2014
4817,Appliances,34.656,2,12/26/2014
4818,Appliances,81.552,2,12/26/2014
4819,Storage,227.136,4,12/26/2014
4820,Binders,10.36,2,6/8/2017
4824,Machines,30.345,7,11/21/2016
4825,Chairs,127.554,3,11/21/2016
4826,Furnishings,77.952,3,11/21/2016
4830,Binders,13.776,3,5/15/2016
4838,Binders,3.798,2,6/1/2017
4839,Paper,27.744,6,6/1/2017
4840,Phones,158.376,4,6/1/2017
4842,Binders,5.553,3,12/23/2016
4844,Fasteners,14.96,4,11/7/2016
4846,Binders,10.512,3,7/23/2015
4861,Binders,1793.98,2,12/18/2016
4863,Binders,20.368,1,11/10/2016
4864,Binders,49.848,3,11/10/2016
4865,Phones,239.97,3,6/26/2017
4870,Phones,89.988,2,11/24/2017
4871,Paper,229.544,7,11/24/2017
4876,Accessories,119.8,5,12/2/2014
4898,Chairs,183.372,2,10/15/2014
4899,Paper,7.968,2,10/15/2014
4903,Binders,25.92,6,3/7/2017
4904,Labels,91.59,3,3/7/2017
4906,Binders,22.92,4,10/14/2014
4907,Storage,269.9,5,10/14/2014
4908,Binders,11.808,8,11/18/2014
4909,Phones,9.588,2,11/18/2014
4919,Bookcases,173.94,3,1/2/2016
4920,Phones,231.98,2,1/2/2016
4926,Art,14.88,2,9/10/2017
4928,Paper,19.44,3,12/1/2017
4929,Chairs,897.15,3,12/1/2017
4930,Art,57.75,5,9/2/2014
4931,Paper,14.94,3,9/2/2014
4941,Chairs,1268.82,9,2/6/2015
4942,Bookcases,283.92,4,2/6/2015
4943,Art,5.68,2,2/6/2015
4951,Art,12.42,3,10/28/2016
4954,Phones,85.9,2,3/16/2015
4967,Phones,128.85,3,8/2/2015
4968,Paper,8.4,2,8/2/2015
4969,Accessories,199.98,2,8/2/2015
4970,Chairs,110.98,1,8/2/2015
4977,Binders,21.36,5,12/7/2015
4978,Binders,6.688,2,12/7/2015
4979,Phones,773.94,6,12/7/2015
4986,Labels,14.4,5,9/3/2014
4996,Binders,52.064,4,11/4/2014
5007,Machines,2321.9,2,11/9/2015
5008,Storage,17.94,3,11/9/2015
5009,Binders,9.522,1,9/7/2015
5010,Phones,791.964,6,9/7/2015
5011,Binders,4.923,3,9/7/2015
5013,Binders,33.93,3,7/21/2017
5014,Storage,222.32,7,7/21/2017
5015,Phones,210.564,6,7/21/2017
5016,Furnishings,35.168,7,11/24/2014
5017,Phones,1502.376,4,11/24/2014
5021,Supplies,347.58,3,3/23/2017
5033,Chairs,212.94,3,12/26/2016
5034,Appliances,26.49,1,12/26/2016
5039,Tables,199.836,4,7/11/2015
5040,Phones,716.0,2,7/11/2015
5041,Binders,221.06,7,7/11/2015
5052,Envelopes,24.4,2,11/7/2015
5059,Binders,99.846,9,4/3/2016
5065,Phones,391.98,2,9/22/2017
5082,Paper,20.736,4,12/18/2015
5085,Paper,105.52,4,6/6/2016
5087,Phones,,7,3/5/2015
5088,Accessories,10.312,1,3/5/2015
5089,Binders,2.556,3,3/5/2015
5093,Storage,51.45,3,5/23/2015
5104,Paper,40.032,6,3/26/2015
5105,Accessories,16.776,3,3/26/2015
5110,Envelopes,52.512,6,10/18/2014
5111,Storage,186.912,6,10/18/2014
5112,Paper,10.048,4,10/18/2014
5116,Labels,3.304,1,7/25/2017
5117,Storage,35.48,1,11/11/2017
5118,Fasteners,34.44,3,9/26/2015
5119,Machines,629.93,7,9/26/2015
5120,Binders,79.056,9,9/26/2015
5125,Tables,464.292,9,9/14/2014
5126,Envelopes,68.46,7,9/14/2014
5127,Machines,2799.96,4,9/14/2014
5128,Appliances,601.3,2,9/14/2014
5129,Phones,16.99,1,9/14/2014
5130,Phones,287.97,3,9/14/2014
5131,Paper,44.82,9,9/14/2014
5134,Appliances,58.73,7,11/26/2017
5135,Binders,93.344,4,11/26/2017
5139,Envelopes,23.34,3,9/29/2017
5140,Paper,51.55,5,9/29/2017
5142,Chairs,1317.492,6,4/1/2016
5143,Supplies,63.84,8,4/1/2016
5144,Binders,3.592,1,4/1/2016
5150,Phones,1214.85,3,6/21/2014
5153,Binders,2.688,1,6/30/2014
5154,Art,6.6,3,6/30/2014
5178,Binders,4.992,3,12/26/2016
5182,Paper,45.36,7,9/12/2017
5183,Binders,45.78,3,9/12/2017
5187,Phones,748.752,8,11/27/2015
5205,Art,9.26,2,9/12/2015
5206,Storage,105.98,2,9/12/2015
5207,Fasteners,1.24,1,9/12/2015
5208,Labels,20.7,2,9/12/2015
5209,Paper,28.9,5,9/12/2015
5210,Envelopes,27.18,1,9/12/2015
5211,Storage,465.18,3,1/12/2015
5212,Storage,36.63,3,5/12/2015
5219,Art,8.4,5,6/10/2017
5226,Binders,36.56,5,6/21/2016
5227,Binders,186.144,6,6/21/2016
5228,Bookcases,353.568,2,6/21/2016
5237,Furnishings,164.22,3,9/20/2014
5238,Bookcases,362.94,3,9/20/2014
5239,Accessories,59.98,2,9/20/2014
5250,Fasteners,12.576,4,4/16/2015
5255,Chairs,99.372,2,3/5/2015
5256,Furnishings,33.568,2,3/5/2015
5260,Paper,45.528,3,10/20/2017
5269,Machines,52.44,4,11/16/2017
5275,Chairs,715.2,3,11/7/2015
5294,Tables,51.588,1,12/26/2015
5297,Furnishings,14.89,1,7/27/2017
5298,Phones,543.92,8,7/27/2017
5306,Furnishings,68.95,5,2/21/2016
5307,Storage,296.37,3,2/21/2016
5308,Phones,39.98,2,2/21/2016
5327,Art,6.68,2,1/17/2015
5330,Binders,33.568,2,12/25/2016
5331,Furnishings,63.94,1,9/4/2016
5332,Binders,60.6,5,9/4/2016
5333,Supplies,22.72,4,9/4/2016
5334,Furnishings,10.68,4,8/26/2014
5335,Paper,17.34,3,8/26/2014
5336,Paper,3.38,1,8/26/2014
5339,Storage,244.55,5,11/9/2015
5340,Envelopes,12.24,6,11/9/2015
5341,Accessories,13.98,2,11/9/2015
5342,Accessories,899.95,5,11/9/2015
5345,Accessories,31.95,1,10/11/2015
5370,Paper,85.056,3,9/10/2017
5378,Envelopes,348.488,7,12/5/2014
5379,Storage,172.736,4,12/5/2014
5385,Phones,358.2,3,6/26/2017
5386,Phones,545.916,14,6/26/2017
5392,Labels,22.5,6,11/19/2014
5393,Labels,9.96,2,11/19/2014
5394,Binders,213.08,7,11/19/2014
5395,Bookcases,1025.88,6,11/19/2014
5399,Binders,2.907,3,9/27/2016
5403,Binders,24.672,4,8/24/2017
5404,Binders,3.744,1,8/24/2017
5421,Phones,280.782,3,3/31/2016
5422,Accessories,31.984,2,3/31/2016
5425,Art,3.52,2,1/20/2017
5431,Appliances,161.568,2,10/21/2017
5432,Paper,4.064,1,10/21/2017
5433,Binders,6.216,4,10/21/2017
5440,Binders,588.784,2,4/4/2016
5443,Accessories,99.6,1,4/17/2015
5444,Binders,62.296,13,4/17/2015
5445,Art,10.71,3,4/17/2015
5447,Phones,33.0,6,8/26/2016
5448,Accessories,249.95,5,8/26/2016
5455,Storage,8.384,1,4/28/2017
5456,Art,6.848,2,4/28/2017
5471,Appliances,123.92,5,5/30/2016
5479,Binders,128.4,3,11/20/2016
5496,Binders,7.656,4,9/4/2015
5497,Accessories,63.92,2,6/12/2017
5498,Art,6.56,2,7/15/2017
5499,Labels,7.83,3,7/15/2017
5500,Accessories,41.9,2,7/15/2017
5501,Chairs,664.146,6,7/15/2017
5502,Paper,8.96,2,7/15/2017
5503,Furnishings,3.312,1,11/2/2017
5504,Appliances,20.136,3,11/2/2017
5505,Envelopes,8.856,3,11/2/2017
5506,Phones,859.2,4,11/2/2017
5514,Phones,239.97,3,5/30/2015
5515,Appliances,160.32,2,5/30/2015
5516,Phones,128.85,3,5/30/2015
5518,Chairs,239.96,10,12/4/2017
5519,Furnishings,54.768,2,12/4/2017
5520,Art,13.392,3,12/4/2017
5521,Paper,23.92,5,12/4/2017
5522,Accessories,255.968,4,12/4/2017
5528,Paper,37.94,2,5/8/2015
5546,Storage,67.4,5,9/22/2017
5572,Paper,98.376,3,12/5/2014
5573,Binders,29.94,4,12/5/2014
5574,Paper,17.472,3,12/5/2014
5575,Phones,36.738,1,12/5/2014
5576,Phones,179.94,2,12/5/2014
5582,Furnishings,19.98,1,10/4/2017
5583,Art,8.0,5,5/9/2016
5585,Storage,83.56,4,11/30/2017
5586,Phones,546.06,3,11/30/2017
5587,Storage,269.49,3,11/30/2017
5592,Chairs,245.98,2,10/13/2014
5593,Binders,18.94,1,10/13/2014
5594,Binders,59.913,7,11/19/2017
5595,Phones,391.98,2,9/24/2017
5596,Phones,437.85,3,9/24/2017
5597,Binders,68.62,2,9/25/2015
5598,Supplies,25.02,3,2/13/2017
5599,Art,10.71,3,2/13/2017
5600,Art,55.984,2,10/3/2014
5601,Envelopes,14.48,5,10/3/2014
5602,Accessories,142.488,3,10/3/2014
5605,Binders,590.352,6,12/3/2015
5608,Art,11.05,5,3/25/2017
5611,Accessories,53.04,3,10/5/2015
5614,Storage,117.96,2,2/2/2016
5615,Art,21.3,5,8/23/2016
5616,Appliances,1040.8,5,8/23/2016
5617,Art,29.34,6,8/23/2016
5630,Tables,815.292,9,8/21/2016
5634,Binders,10.528,7,9/23/2016
5641,Paper,28.8,9,9/23/2014
5642,Art,11.12,4,4/2/2017
5646,Furnishings,74.45,5,4/14/2017
5653,Paper,40.99,1,10/6/2017
5664,Art,18.656,2,7/21/2016
5665,Binders,11.088,7,7/21/2016
5666,Storage,66.688,1,7/21/2016
5667,Storage,99.488,2,7/21/2016
5691,Art,27.36,9,12/10/2015
5692,Paper,44.75,5,12/10/2015
5693,Phones,134.99,1,12/10/2015
5694,Paper,26.4,5,12/10/2015
5695,Chairs,542.94,3,12/10/2015
5701,Envelopes,40.752,3,11/24/2016
5702,Accessories,139.96,5,11/24/2016
5703,Art,2.624,1,12/14/2014
5704,Tables,136.53,1,12/14/2014
5705,Accessories,263.96,1,12/14/2014
5706,Supplies,11.64,3,11/3/2014
5707,Binders,40.176,3,9/22/2017
5708,Furnishings,79.44,3,5/8/2015
5709,Supplies,357.93,3,5/8/2015
5710,Chairs,127.764,2,5/8/2015
5711,Copiers,2799.944,7,5/8/2015
5712,Paper,19.44,3,5/8/2015
5714,Phones,5.94,3,3/1/2014
5726,Accessories,899.91,9,9/25/2015
5733,Bookcases,638.82,9,6/29/2017
5734,Supplies,30.69,3,6/29/2017
5735,Furnishings,25.16,2,6/29/2017
5736,Binders,13.92,3,6/29/2014
5750,Phones,74.95,5,11/18/2017
5764,Chairs,1448.82,10,11/3/2015
5769,Labels,3.15,1,2/25/2015
5770,Paper,22.72,4,2/25/2015
5777,Binders,15.528,3,12/4/2016
5796,Storage,1395.54,9,9/29/2014
5797,Furnishings,117.36,4,9/29/2014
5798,Labels,18.9,3,9/29/2014
5799,Paper,77.52,2,9/29/2014
5804,Art,10.272,3,5/12/2017
5814,Paper,19.44,3,7/2/2015
5816,Phones,279.96,4,11/26/2014
5817,Binders,12.912,3,11/26/2014
5818,Binders,17.088,4,11/26/2014
5819,Labels,93.15,9,11/26/2014
5820,Labels,11.52,4,11/26/2014
5825,Appliances,26.136,3,5/2/2014
5826,Paper,419.4,4,9/3/2017
5827,Chairs,90.801,1,9/3/2017
5828,Chairs,181.764,2,9/3/2017
5829,Art,5.56,2,9/3/2017
5861,Paper,7.968,2,4/29/2015
5865,Appliances,79.47,3,8/5/2014
5866,Art,4.56,2,8/5/2014
5867,Chairs,1133.35,5,8/5/2014
5868,Art,4.672,1,1/4/2016
5869,Binders,104.58,6,1/4/2016
5876,Art,11.736,3,4/7/2015
5877,Binders,447.86,7,5/21/2014
5878,Paper,17.94,3,5/21/2014
5879,Appliances,245.88,6,5/21/2014
5880,Paper,192.16,4,9/5/2016
5888,Storage,42.76,1,10/8/2017
5890,Binders,25.06,2,4/14/2016
5902,Furnishings,31.56,3,11/27/2016
5914,Storage,14.9,5,9/17/2015
5915,Labels,87.71,7,9/17/2015
5916,Chairs,199.764,2,9/17/2015
5917,Storage,94.6,4,9/17/2015
5918,Bookcases,4228.704,6,9/17/2015
5919,Bookcases,2003.92,5,9/17/2015
5920,Phones,209.97,3,9/17/2015
5921,Accessories,659.9,2,9/17/2015
5922,Paper,110.96,2,9/17/2015
5923,Phones,67.8,4,9/17/2015
5924,Tables,313.176,2,11/26/2016
5930,Bookcases,87.21,3,7/7/2017
5931,Paper,15.552,3,7/7/2017
5932,Phones,683.988,2,7/7/2017
5933,Storage,13.392,3,7/7/2017
5934,Accessories,16.776,3,7/7/2017
5935,Accessories,527.92,2,7/7/2017
5954,Art,10.5,5,3/30/2014
5955,Furnishings,23.968,2,11/11/2014
5956,Bookcases,521.96,4,11/11/2014
5968,Paper,81.98,2,1/15/2016
5973,Bookcases,240.784,1,2/6/2017
5974,Appliances,414.96,2,12/25/2015
5983,Paper,12.96,2,11/21/2016
5984,Paper,20.544,6,9/16/2017
5994,Storage,64.96,5,12/11/2016
5995,Supplies,13.52,2,12/11/2016
5996,Chairs,458.43,5,12/11/2016
5997,Appliances,387.136,4,12/11/2016
5998,Tables,328.59,3,12/11/2016
6006,Chairs,109.764,2,11/2/2015
6007,Phones,128.85,3,12/11/2017
6020,Appliances,91.92,5,10/5/2014
6024,Accessories,69.98,2,4/24/2017
6025,Appliances,646.272,8,8/24/2017
6026,Paper,10.368,2,8/24/2017
6032,Furnishings,21.12,4,12/25/2016
6033,Supplies,54.9,5,4/23/2017
6053,Paper,11.952,3,9/23/2016
6054,Furnishings,28.0,4,9/23/2016
6055,Binders,12.201,7,9/23/2016
6058,Envelopes,11.36,2,3/2/2014
6059,Paper,36.4,5,3/2/2014
6060,Accessories,27.968,2,12/30/2014
6061,Storage,142.04,4,4/10/2015
6062,Art,14.67,3,4/10/2015
6066,Labels,23.904,6,4/5/2015
6071,Labels,17.544,3,8/13/2017
6077,Accessories,468.9,6,9/1/2016
6078,Accessories,72.48,2,9/1/2016
6079,Supplies,10.95,3,9/1/2016
6080,Furnishings,191.82,3,9/1/2016
6091,Chairs,272.646,3,9/20/2017
6092,Accessories,212.8,2,9/20/2017
6093,Paper,38.52,9,9/20/2017
6094,Accessories,72.64,2,9/20/2017
6095,Storage,45.4,4,9/20/2017
6096,Paper,13.76,2,9/20/2017
6097,Chairs,80.991,1,9/20/2017
6098,Binders,11.784,3,9/20/2017
6099,Fasteners,4.36,2,9/20/2017
6100,Chairs,2888.127,11,9/20/2017
6101,Phones,1299.66,2,9/20/2017
6102,Chairs,2254.41,5,9/20/2017
6103,Phones,104.85,3,9/20/2017
6104,Accessories,59.97,3,9/20/2017
6105,Tables,314.532,2,8/22/2017
6111,Chairs,1474.802,7,11/12/2016
6112,Appliances,110.096,2,11/12/2016
6113,Fasteners,16.752,6,11/12/2016
6114,Chairs,1537.074,9,11/12/2016
6115,Chairs,449.372,2,11/12/2016
6117,Phones,2279.96,4,11/13/2016
6118,Labels,14.94,3,11/13/2016
6128,Chairs,327.996,6,3/31/2016
6132,Chairs,767.214,14,12/27/2014
6141,Paper,274.8,5,7/9/2017
6142,Storage,195.64,4,7/9/2017
6143,Phones,257.98,2,7/9/2017
6144,Art,119.04,6,7/9/2017
6154,Furnishings,51.968,2,4/20/2017
6155,Storage,51.336,3,4/20/2017
6156,Storage,332.704,1,4/20/2017
6157,Furnishings,42.408,3,4/20/2017
6171,Binders,34.248,3,12/19/2016
6172,Art,3.52,2,12/19/2016
6186,Art,106.8,10,8/7/2015
6187,Storage,70.95,3,11/15/2015
6188,Binders,34.944,6,11/15/2015
6189,Art,119.04,6,11/15/2015
6191,Furnishings,799.56,9,12/24/2016
6196,Phones,329.988,2,10/21/2017
6197,Storage,71.376,3,10/21/2017
6204,Phones,235.152,8,10/21/2016
6205,Furnishings,7.712,2,12/1/2017
6209,Storage,51.168,2,9/29/2017
6216,Furnishings,68.16,3,11/28/2015
6217,Envelopes,62.24,8,11/28/2015
6229,Phones,110.376,4,1/22/2016
6230,Accessories,55.176,3,1/22/2016
6237,Envelopes,57.576,3,2/23/2016
6238,Binders,26.336,4,1/22/2016
6242,Furnishings,247.44,8,5/28/2017
6258,Supplies,384.592,2,11/2/2017
6259,Envelopes,22.92,3,3/28/2015
6262,Labels,41.4,4,7/23/2017
6268,Phones,311.98,2,10/1/2015
6269,Binders,22.45,5,10/1/2015
6281,Labels,5.904,2,5/12/2017
6282,Furnishings,63.824,2,11/20/2015
6283,Storage,141.552,3,11/20/2015
6286,Tables,661.176,2,10/21/2016
6295,Binders,33.552,1,9/16/2014
6296,Appliances,,6,12/28/2014
6297,Storage,704.25,5,12/28/2014
6298,Paper,141.76,4,12/28/2014
6305,Paper,6.68,1,5/5/2017
6313,Storage,579.51,3,2/16/2017
6314,Phones,14.99,1,2/16/2017
6322,Binders,7.752,3,10/13/2014
6324,Machines,65.97,3,6/17/2014
6335,Paper,49.12,4,7/11/2014
6336,Binders,18.28,5,7/11/2014
6339,Phones,87.8,4,10/5/2017
6340,Chairs,221.382,2,10/5/2017
6341,Machines,5199.96,4,10/5/2017
6342,Storage,156.512,4,12/31/2016
6343,Accessories,119.85,3,3/7/2015
6344,Binders,30.44,2,3/7/2015
6345,Binders,69.28,2,3/7/2015
6346,Phones,587.97,3,3/7/2015
6347,Labels,24.55,5,10/20/2017
6353,Binders,2.412,1,9/13/2015
6354,Appliances,8.39,1,9/6/2015
6355,Phones,337.98,2,9/6/2015
6356,Storage,83.92,5,10/6/2014
6366,Phones,41.22,1,4/4/2017
6367,Supplies,240.37,1,4/4/2017
6368,Phones,119.02,2,4/4/2017
6371,Bookcases,113.568,2,11/21/2016
6372,Furnishings,83.92,4,10/3/2017
6373,Art,6.63,3,10/3/2017
6374,Accessories,371.97,3,10/3/2017
6377,Labels,4.928,2,10/7/2016
6379,Accessories,99.99,1,4/10/2017
6380,Storage,286.15,5,4/10/2017
6382,Bookcases,299.975,5,3/29/2016
6383,Phones,158.376,4,3/29/2016
6392,Paper,14.62,2,12/14/2016
6393,Labels,5.76,2,12/14/2016
6394,Fasteners,21.48,6,12/14/2016
6395,Furnishings,396.92,4,12/14/2016
6396,Storage,17.15,1,12/14/2016
6397,Binders,23.12,2,12/14/2016
6399,Phones,824.95,5,8/6/2017
6400,Labels,24.64,8,8/6/2017
6401,Art,227.88,6,8/6/2017
6417,Phones,108.576,4,3/8/2016
6418,Fasteners,5.984,2,3/8/2016
6425,Paper,19.44,3,8/19/2017
6426,Copiers,8399.976,4,5/23/2016
6427,Binders,6.294,1,5/23/2016
6428,Paper,10.368,2,5/23/2016
6429,Phones,122.382,3,5/23/2016
6440,Chairs,589.41,5,10/4/2014
6441,Art,34.7,5,10/13/2016
6442,Storage,99.87,3,10/13/2016
6443,Paper,37.94,2,10/13/2016
6444,Labels,24.9,5,10/13/2016
6445,Furnishings,82.26,3,10/13/2016
6450,Binders,10.76,2,9/25/2015
6451,Paper,45.68,2,9/25/2015
6452,Art,6.7,1,9/25/2015
6457,Phones,135.99,1,8/5/2014
6458,Art,15.96,7,8/5/2014
6459,Art,3.76,2,5/14/2017
6460,Art,14.7,5,5/14/2017
6461,Art,37.2,5,5/14/2017
6462,Accessories,89.97,3,5/14/2017
6463,Chairs,261.96,2,5/14/2017
6464,Labels,74.0,5,5/14/2017
6468,Storage,2079.4,5,12/2/2016
6469,Phones,629.95,5,12/2/2016
6470,Furnishings,72.42,6,12/2/2016
6475,Bookcases,61.96,4,1/14/2014
6484,Tables,384.768,2,6/3/2017
6485,Machines,78.66,6,6/3/2017
6486,Paper,45.36,4,6/3/2017
6490,Paper,32.4,5,9/19/2017
6491,Furnishings,103.936,4,9/15/2014
6502,Phones,539.964,6,11/2/2014
6503,Phones,50.232,7,11/2/2014
6504,Binders,19.242,3,11/2/2014
6505,Storage,1247.64,3,11/17/2017
6507,Paper,19.136,4,10/9/2016
6508,Furnishings,332.832,4,10/9/2016
6509,Paper,279.9,5,12/20/2017
6510,Binders,50.352,3,12/20/2017
6511,Paper,34.02,3,12/20/2017
6524,Labels,10.08,2,7/7/2016
6525,Phones,59.994,1,7/7/2016
6526,Binders,5.715,5,7/7/2016
6527,Binders,9.42,5,7/7/2016
6528,Copiers,1999.96,4,12/23/2016
6529,Storage,216.4,4,12/22/2014
6535,Binders,2152.776,3,11/17/2014
6536,Bookcases,4007.84,10,11/17/2014
6539,Phones,158.99,1,10/25/2015
6540,Chairs,291.1,5,10/25/2015
6545,Binders,58.17,5,5/14/2017
6546,Labels,5.04,2,5/14/2017
6547,Paper,24.784,1,5/14/2017
6551,Chairs,327.564,4,11/1/2015
6559,Chairs,1522.638,9,6/5/2015
6563,Binders,16.14,3,5/7/2014
6564,Tables,194.25,2,5/7/2014
6565,Art,8.64,3,5/7/2014
6566,Chairs,872.32,4,5/7/2014
6574,Storage,563.4,4,11/25/2016
6575,Machines,319.92,8,11/25/2016
6594,Binders,33.568,2,6/13/2016
6596,Binders,11.76,5,4/23/2017
6597,Paper,5.344,1,4/23/2017
6600,Furnishings,60.72,3,12/2/2014
6601,Paper,146.82,3,12/2/2014
6602,Chairs,239.84,8,12/2/2014
6603,Labels,15.66,6,12/2/2014
6610,Storage,89.82,6,3/10/2015
6627,Machines,6999.96,4,12/14/2014
6629,Phones,279.86,14,9/19/2015
6638,Art,6.99,3,11/27/2017
6639,Binders,107.424,6,11/27/2017
6640,Tables,1421.664,8,10/31/2014
6661,Art,39.66,2,8/8/2015
6662,Appliances,113.92,2,8/8/2015
6663,Binders,447.86,7,8/8/2015
6667,Furnishings,42.85,5,5/12/2017
6668,Labels,6.16,2,5/12/2017
6669,Supplies,17.0,2,5/12/2017
6670,Accessories,87.4,5,5/12/2017
6680,Storage,10.9,1,9/2/2017
6681,Paper,79.92,4,9/2/2017
6682,Paper,146.82,3,9/2/2017
6694,Paper,164.88,3,9/30/2017
6696,Binders,415.176,3,12/2/2016
6697,Binders,35.232,3,12/2/2016
6698,Paper,54.96,1,12/2/2016
6708,Labels,7.83,3,4/13/2014
6712,Art,9.912,3,8/18/2017
6724,Fasteners,14.82,6,9/4/2017
6744,Paper,35.88,6,2/16/2015
6745,Accessories,479.952,6,6/16/2017
6746,Art,23.92,5,6/16/2017
6747,Phones,629.95,5,11/13/2017
6748,Binders,14.952,1,12/11/2017
6749,Paper,17.94,3,12/11/2017
6750,Phones,116.98,2,12/11/2017
6751,Chairs,121.96,2,6/28/2016
6752,Appliances,8.74,2,6/28/2016
6753,Paper,61.96,2,6/28/2016
6754,Binders,7.96,2,6/28/2016
6755,Appliances,275.24,4,6/28/2016
6756,Furnishings,47.4,5,9/15/2017
6757,Chairs,512.96,4,9/15/2017
6758,Phones,395.94,6,9/15/2017
6759,Storage,81.96,2,9/15/2017
6761,Storage,272.94,3,6/26/2017
6762,Chairs,253.764,2,7/24/2016
6769,Binders,196.21,7,8/12/2014
6776,Paper,17.64,4,3/29/2015
6778,Accessories,449.91,9,1/28/2017
6779,Bookcases,344.94,3,9/3/2016
6780,Furnishings,14.76,2,9/3/2016
6781,Binders,12.76,2,9/3/2016
6782,Labels,58.48,8,9/3/2016
6783,Furnishings,20.096,4,7/25/2017
6784,Supplies,37.752,3,7/25/2017
6785,Tables,138.588,1,7/25/2017
6786,Storage,259.92,5,7/25/2017
6787,Paper,20.736,4,7/25/2017
6793,Binders,62.94,3,8/15/2014
6810,Binders,3.882,2,9/14/2017
6811,Machines,12.585,1,9/14/2017
6812,Chairs,113.372,2,9/14/2017
6813,Binders,18.312,4,9/14/2017
6814,Furnishings,127.936,8,9/14/2017
6815,Machines,241.17,2,9/14/2017
6831,Phones,197.97,3,12/24/2016
6832,Appliances,17.48,4,7/21/2017
6838,Art,11.12,4,7/6/2015
6841,Binders,14.832,3,12/6/2015
6886,Accessories,37.056,4,9/10/2017
6887,Phones,259.896,2,9/10/2017
6898,Binders,10.782,3,8/18/2017
6901,Accessories,559.93,7,9/7/2015
6910,Binders,2.502,3,9/13/2014
6920,Binders,24.588,2,5/21/2015
6922,Envelopes,16.98,1,4/4/2017
6925,Paper,23.66,7,11/30/2015
6926,Bookcases,681.408,12,11/30/2015
6932,Phones,13.494,1,7/14/2014
6933,Phones,23.988,2,7/14/2014
6934,Furnishings,31.984,2,7/14/2014
6935,Art,41.584,2,7/14/2014
6940,Binders,102.368,2,6/26/2017
6941,Supplies,28.4,5,6/26/2017
6942,Storage,713.88,4,6/26/2017
6943,Paper,68.52,3,6/26/2017
6945,Binders,11.12,4,9/23/2014
6946,Bookcases,523.92,5,9/30/2016
6950,Binders,58.408,7,11/19/2017
6951,Tables,79.974,3,11/19/2017
6969,Phones,824.97,3,10/16/2015
6981,Fasteners,5.92,4,11/7/2014
6982,Paper,30.18,3,11/7/2014
7006,Chairs,205.164,2,11/1/2015
7008,Binders,12.828,2,8/21/2015
7009,Chairs,598.458,3,8/21/2015
7010,Furnishings,25.984,1,8/21/2015
7011,Binders,17.96,5,5/23/2014
7012,Supplies,5.04,2,5/23/2014
7013,Appliances,208.16,1,5/23/2014
7019,Labels,25.83,7,6/23/2016
7026,Phones,227.46,6,2/6/2017
7027,Binders,46.24,4,2/6/2017
7028,Labels,5.22,2,1/29/2017
7030,Storage,28.14,3,11/11/2016
7031,Accessories,36.0,2,11/11/2016
7032,Art,92.94,3,11/11/2016
7033,Chairs,245.646,3,11/11/2016
7034,Binders,55.008,3,11/11/2016
7035,Binders,35.232,3,11/11/2016
7040,Storage,166.72,2,12/17/2017
7041,Binders,24.816,3,12/17/2017
7042,Furnishings,124.36,2,12/17/2017
7043,Copiers,599.97,5,7/18/2017
7044,Chairs,198.744,4,7/18/2017
7045,Supplies,9.184,2,7/18/2017
7065,Appliances,32.67,3,2/4/2017
7086,Binders,8.595,5,9/25/2017
7087,Supplies,190.896,2,9/25/2017
7096,Binders,146.688,6,8/19/2016
7097,Binders,276.784,2,8/19/2016
7098,Binders,25.32,5,8/19/2016
7099,Paper,318.96,9,11/6/2017
7100,Paper,212.64,6,12/26/2015
7103,Binders,6.57,3,9/21/2014
7105,Chairs,760.116,6,6/19/2017
7106,Furnishings,38.784,3,6/19/2017
7107,Accessories,122.328,9,6/19/2017
7108,Phones,25.98,2,4/19/2016
7109,Art,3.28,2,4/19/2016
7110,Storage,459.88,4,4/19/2016
7111,Supplies,7.76,2,4/19/2016
7112,Art,71.96,2,4/19/2016
7113,Supplies,54.9,5,4/19/2016
7114,Binders,9.28,2,4/19/2016
7119,Paper,17.94,3,2/13/2017
7124,Furnishings,10.02,3,8/9/2015
7125,Paper,144.12,3,8/9/2015
7128,Paper,16.45,5,11/14/2016
7129,Furnishings,19.92,4,11/14/2016
7144,Phones,776.85,5,3/11/2017
7145,Binders,12.294,1,3/11/2017
7146,Tables,154.764,3,3/11/2017
7147,Storage,43.28,1,3/11/2017
7148,Paper,92.94,3,6/12/2016
7149,Appliances,52.56,3,6/12/2016
7157,Labels,4.91,1,4/29/2017
7164,Envelopes,247.84,8,4/22/2014
7165,Binders,9.912,3,4/22/2014
7166,Storage,69.52,2,9/19/2016
7171,Chairs,145.764,2,10/8/2017
7178,Binders,2.202,2,5/4/2017
7179,Binders,9.396,3,5/4/2017
7180,Phones,89.97,3,11/14/2016
7182,Accessories,40.0,2,12/27/2016
7184,Chairs,908.82,9,4/21/2017
7199,Art,11.96,2,8/11/2015
7200,Phones,138.0,2,8/11/2015
7203,Furnishings,756.8,5,10/28/2016
7205,Art,6.08,2,9/10/2015
7221,Binders,274.491,3,1/9/2017
7222,Phones,137.94,3,1/27/2017
7227,Paper,123.92,5,2/24/2017
7228,Accessories,1319.8,5,2/24/2017
7231,Binders,30.88,2,3/13/2017
7232,Appliances,465.16,2,3/13/2017
7233,Paper,27.12,4,3/13/2017
7234,Furnishings,113.6,8,3/8/2016
7235,Paper,12.96,2,3/8/2016
7236,Binders,69.456,2,3/8/2016
7238,Machines,341.991,3,7/10/2016
7244,Chairs,4416.174,9,8/17/2017
7247,Labels,15.12,3,3/3/2014
7248,Bookcases,302.45,5,3/3/2014
7249,Storage,44.672,8,3/3/2014
7263,Phones,32.7,5,10/22/2017
7264,Envelopes,31.68,4,10/22/2017
7281,Binders,2541.98,2,2/21/2015
7284,Art,25.92,5,9/9/2017
7285,Furnishings,66.112,2,9/9/2017
7298,Storage,77.24,5,2/10/2015
7310,Fasteners,14.13,3,6/10/2017
7316,Art,43.92,3,5/11/2017
7317,Tables,142.182,1,10/16/2016
7320,Phones,979.95,5,11/26/2017
7321,Furnishings,135.3,5,11/26/2017
7324,Furnishings,41.96,2,12/5/2017
7325,Labels,9.45,3,12/5/2017
7332,Phones,61.542,1,10/26/2017
7333,Binders,81.438,7,10/26/2017
7336,Accessories,843.9,2,12/25/2015
7337,Bookcases,449.568,2,12/25/2015
7339,Chairs,192.186,3,12/20/2014
7340,Art,5.76,2,7/18/2015
7344,Storage,191.88,6,12/26/2014
7353,Phones,445.44,8,3/16/2017
7354,Labels,16.52,5,9/22/2016
7359,Phones,251.964,6,12/30/2014
7360,Tables,523.764,3,12/30/2014
7364,Phones,340.182,3,11/28/2016
7365,Fasteners,12.672,8,11/28/2016
7366,Binders,6.888,2,11/28/2016
7367,Storage,32.544,2,11/28/2016
7368,Chairs,347.802,7,11/28/2016
7392,Paper,74.352,3,12/4/2017
7396,Tables,313.176,2,12/25/2016
7397,Chairs,866.646,3,12/25/2016
7398,Appliances,795.408,6,9/30/2014
7403,Supplies,70.12,4,8/6/2017
7410,Tables,172.11,1,4/8/2014
7411,Accessories,99.98,2,7/23/2014
7415,Chairs,386.68,2,3/13/2016
7416,Accessories,379.96,5,3/13/2016
7417,Phones,539.91,3,3/13/2016
7418,Paper,41.24,5,3/13/2016
7419,Binders,51.897,1,3/13/2016
7420,Storage,552.56,5,3/13/2016
7421,Binders,23.16,5,3/13/2016
7422,Storage,126.08,2,3/13/2016
7423,Machines,449.1,3,3/13/2016
7424,Appliances,195.104,4,4/10/2017
7425,Furnishings,36.672,3,4/10/2017
7469,Paper,14.94,3,9/15/2014
7470,Furnishings,14.56,2,9/15/2014
7471,Binders,3.576,4,9/15/2015
7472,Storage,,2,9/15/2015
7483,Binders,18.464,4,9/23/2014
7484,Chairs,445.802,7,12/15/2014
7487,Paper,29.9,5,12/19/2015
7488,Accessories,2249.91,9,12/19/2015
7489,Tables,1053.164,4,12/19/2015
7492,Phones,119.94,6,11/16/2017
7505,Envelopes,23.36,2,1/31/2016
7509,Paper,9.248,2,7/14/2017
7510,Phones,1889.946,9,7/14/2017
7511,Storage,62.04,5,7/14/2017
7512,Furnishings,396.92,5,7/14/2017
7513,Storage,239.456,7,7/14/2017
7514,Art,13.12,5,7/14/2017
7522,Binders,8.952,2,9/5/2016
7523,Binders,8.856,6,9/5/2016
7524,Chairs,85.246,2,9/5/2016
7551,Envelopes,34.74,3,11/20/2014
7552,Phones,833.94,6,11/20/2014
7553,Binders,12.96,3,11/20/2014
7554,Paper,25.92,4,11/20/2014
7555,Bookcases,349.965,7,5/10/2014
7556,Art,22.32,5,5/10/2014
7559,Appliances,533.94,3,11/1/2014
7560,Paper,167.94,3,11/1/2014
7561,Furnishings,31.68,6,11/1/2014
7562,Chairs,170.786,1,12/30/2016
7580,Appliances,2625.12,8,11/23/2015
7581,Art,17.94,3,11/23/2015
7582,Storage,422.856,3,8/13/2015
7583,Chairs,127.764,2,4/16/2015
7591,Furnishings,58.248,9,9/5/2016
7592,Chairs,71.246,2,9/5/2016
7593,Art,7.872,3,9/5/2016
7594,Chairs,887.271,3,9/5/2016
7604,Paper,12.96,2,7/8/2016
7615,Furnishings,14.91,3,8/24/2015
7617,Paper,18.54,2,12/10/2016
7618,Binders,679.96,5,12/10/2016
7624,Appliances,39.48,1,7/14/2014
7638,Art,59.52,3,3/2/2017
7639,Envelopes,57.96,7,3/2/2017
7640,Bookcases,441.96,2,3/2/2017
7641,Paper,68.04,6,3/2/2017
7650,Tables,1548.99,9,12/27/2015
7651,Envelopes,19.872,3,12/27/2015
7659,Binders,76.776,4,7/30/2017
7666,Binders,30.4,1,10/4/2016
7667,Copiers,5399.91,9,10/4/2016
7668,Storage,119.1,3,10/4/2016
7669,Paper,40.08,6,11/27/2015
7670,Paper,59.94,3,11/27/2015
7671,Accessories,259.98,2,11/27/2015
7672,Bookcases,170.98,1,11/27/2015
7673,Furnishings,38.97,3,11/27/2015
7674,Paper,154.9,5,11/27/2015
7675,Tables,446.068,4,11/27/2015
7678,Paper,195.64,4,12/31/2014
7679,Paper,14.94,3,12/31/2014
7680,Accessories,1687.8,4,12/31/2014
7681,Bookcases,341.96,2,12/31/2014
7682,Chairs,605.88,6,12/31/2014
7685,Binders,26.424,9,2/14/2015
7686,Phones,625.99,1,2/14/2015
7698,Copiers,1199.98,2,12/14/2017
7699,Storage,73.85,1,12/14/2017
7700,Supplies,25.71,3,12/14/2017
7701,Fasteners,17.28,6,12/14/2017
7702,Tables,526.582,2,12/14/2017
7709,Accessories,40.776,3,10/25/2014
7710,Binders,13.698,3,10/25/2014
7716,Accessories,40.776,3,11/3/2017
7720,Art,59.52,3,1/5/2015
7721,Envelopes,17.48,2,1/5/2015
7722,Binders,13.168,2,1/5/2015
7725,Appliances,286.256,1,9/25/2016
7726,Storage,24.224,2,9/25/2016
7727,Storage,331.536,3,9/25/2016
7728,Art,17.52,3,3/16/2015
7734,Paper,15.232,4,5/15/2016
7737,Binders,70.368,4,5/30/2014
7739,Phones,89.95,5,7/30/2017
7744,Binders,7.96,2,6/17/2016
7745,Phones,566.97,3,6/17/2016
7746,Art,9.84,3,6/17/2016
7748,Fasteners,7.56,6,5/31/2015
7755,Art,3.008,2,12/21/2015
7758,Phones,43.6,4,11/13/2017
7759,Furnishings,154.95,3,11/13/2017
7765,Art,17.52,3,8/12/2017
7766,Chairs,1779.9,5,8/12/2017
7767,Art,219.9,5,8/12/2017
7772,Binders,456.588,2,11/25/2016
7773,Machines,4499.985,5,11/25/2016
7774,Accessories,59.976,3,11/25/2016
7786,Labels,25.06,2,11/29/2014
7791,Binders,4.842,3,9/19/2017
7797,Binders,26.9,5,10/2/2015
7798,Envelopes,47.01,3,3/24/2017
7799,Phones,469.99,1,3/24/2017
7800,Chairs,207.846,3,3/24/2017
7801,Storage,324.744,3,6/1/2017
7811,Paper,4.77,1,2/14/2016
7812,Art,7.98,3,2/14/2016
7813,Tables,550.431,3,2/14/2016
7814,Furnishings,10.56,6,2/14/2016
7821,Storage,592.74,6,12/8/2017
7823,Art,8.64,3,8/26/2014
7824,Accessories,149.97,3,8/26/2014
7826,Chairs,90.882,1,2/3/2015
7842,Appliances,45.96,2,7/17/2016
7857,Binders,25.584,2,5/30/2014
7858,Phones,464.0,5,5/30/2014
7859,Appliances,235.95,3,5/30/2014
7860,Paper,39.96,4,5/30/2014
7861,Binders,18.528,4,3/2/2017
7871,Envelopes,24.448,4,9/25/2017
7880,Tables,337.176,2,6/14/2016
7894,Binders,13.92,3,7/23/2017
7895,Binders,82.4,5,6/21/2017
7896,Binders,6.24,2,6/21/2017
7897,Paper,447.84,8,6/21/2017
7914,Storage,25.696,2,8/25/2017
7915,Machines,3404.5,5,6/17/2017
7916,Accessories,101.34,3,6/17/2017
7917,Chairs,344.372,4,11/20/2015
7920,Storage,38.62,2,9/15/2017
7921,Accessories,59.98,2,9/15/2017
7922,Binders,174.3,3,3/13/2017
7927,Accessories,2.97,3,11/20/2017
7928,Phones,569.99,1,11/20/2017
7929,Furnishings,50.97,3,11/20/2017
7931,Art,59.52,3,3/25/2016
7952,Binders,5.984,2,11/19/2015
7953,Phones,861.76,4,11/19/2015
7954,Storage,66.96,4,4/1/2014
7955,Binders,6.24,2,4/1/2014
7971,Phones,519.792,4,8/16/2015
7972,Accessories,31.176,3,8/16/2015
7973,Paper,10.368,2,8/16/2015
7974,Binders,2.724,2,8/16/2015
7975,Furnishings,254.352,3,8/16/2015
7976,Binders,3.762,3,8/16/2015
7977,Paper,10.272,3,8/16/2015
7982,Appliances,81.92,4,9/10/2014
7983,Furnishings,254.9,5,9/10/2014
7987,Phones,89.95,5,7/20/2016
8004,Phones,271.9,2,12/1/2014
8005,Furnishings,45.84,3,12/1/2014
8006,Furnishings,9.82,2,12/1/2014
8011,Paper,126.624,6,3/17/2014
8013,Binders,663.92,5,5/25/2017
8014,Accessories,120.0,8,5/25/2017
8015,Fasteners,3.29,1,5/25/2017
8016,Furnishings,18.84,3,5/25/2017
8017,Furnishings,60.672,6,9/9/2014
8018,Art,30.816,9,9/9/2014
8026,Furnishings,210.68,2,9/11/2015
8027,Storage,78.8,1,9/11/2015
8028,Accessories,19.99,1,9/11/2015
8029,Storage,772.68,4,9/11/2015
8037,Binders,37.68,6,9/20/2015
8043,Accessories,63.88,4,3/11/2017
8044,Furnishings,26.72,1,3/11/2017
8046,Appliances,393.25,5,9/20/2016
8047,Binders,2.214,3,12/15/2016
8049,Appliances,706.86,7,7/3/2016
8050,Binders,5.97,5,9/26/2014
8051,Furnishings,21.184,1,9/26/2014
8052,Appliances,41.376,6,9/26/2014
8053,Art,17.94,3,7/14/2014
8054,Binders,2.655,1,9/28/2017
8061,Paper,61.4,5,9/20/2015
8062,Binders,24.448,2,9/20/2015
8063,Phones,263.96,4,11/7/2016
8064,Phones,359.97,3,11/7/2016
8065,Paper,12.96,2,11/7/2016
8066,Storage,116.82,3,11/7/2016
8067,Binders,276.784,2,11/7/2016
8080,Binders,134.272,8,11/22/2016
8090,Appliances,77.58,9,8/7/2015
8093,Art,109.9,5,11/8/2017
8109,Chairs,215.544,4,12/8/2017
8123,Envelopes,30.672,3,12/9/2014
8124,Copiers,1079.976,4,12/9/2014
8138,Furnishings,56.52,9,11/9/2014
8139,Art,11.264,8,7/18/2016
8140,Storage,284.08,10,7/18/2016
8141,Paper,18.496,4,7/18/2016
8155,Accessories,238.0,2,3/20/2017
8156,Paper,61.96,2,3/20/2017
8157,Tables,239.372,2,10/4/2016
8160,Accessories,199.75,5,3/9/2016
8161,Chairs,227.96,2,2/16/2016
8162,Appliances,293.52,6,9/28/2015
8163,Phones,307.98,2,9/28/2015
8177,Storage,128.34,6,9/22/2016
8181,Tables,1252.704,8,11/21/2015
8182,Phones,110.97,5,11/21/2015
8188,Paper,62.82,9,12/10/2016
8189,Paper,19.44,3,10/2/2015
8190,Binders,7.38,1,10/2/2015
8191,Paper,38.88,6,11/17/2017
8192,Furnishings,187.76,4,11/17/2017
8202,Storage,67.15,5,11/8/2015
8203,Phones,549.98,2,11/8/2015
8204,Furnishings,11.82,3,11/8/2015
8205,Machines,4643.8,4,11/8/2015
8206,Chairs,577.764,2,11/8/2015
8226,Paper,189.7,10,11/1/2017
8227,Paper,40.99,1,11/1/2017
8228,Furnishings,82.64,2,4/4/2016
8229,Storage,31.02,2,4/4/2016
8230,Accessories,89.97,3,4/4/2016
8242,Binders,23.744,2,9/1/2014
8243,Accessories,357.0,3,9/1/2014
8249,Phones,743.988,2,5/10/2016
8265,Appliances,122.94,3,12/30/2014
8266,Binders,35.448,7,12/30/2014
8267,Phones,19.98,2,4/29/2014
8272,Chairs,2563.056,8,12/25/2016
8274,Art,3.424,1,6/13/2015
8275,Storage,1085.42,7,6/30/2017
8276,Paper,43.056,9,6/26/2015
8293,Binders,10.332,3,12/11/2015
8295,Phones,299.9,2,3/13/2017
8320,Storage,11.21,1,11/13/2017
8323,Appliances,8.74,2,11/19/2016
8324,Paper,44.75,5,11/19/2016
8329,Paper,143.7,3,10/6/2017
8330,Paper,6.48,1,10/6/2017
8331,Accessories,7.88,4,11/7/2017
8332,Storage,11.21,1,3/9/2016
8333,Chairs,354.9,5,3/9/2016
8334,Paper,17.94,3,3/9/2016
8335,Binders,51.8,4,3/9/2016
8336,Binders,299.52,9,5/13/2017
8347,Furnishings,31.4,5,4/30/2015
8348,Furnishings,9.48,1,4/30/2015
8349,Phones,209.5,10,4/30/2015
8350,Furnishings,24.3,5,4/30/2015
8351,Paper,6.48,1,4/30/2015
8352,Furnishings,32.448,2,5/3/2017
8353,Binders,26.388,4,5/3/2017
8354,Tables,373.47,5,5/3/2017
8355,Binders,64.2,5,5/3/2017
8356,Fasteners,8.0,2,5/3/2017
8384,Accessories,59.97,3,11/26/2016
8385,Paper,13.36,2,11/26/2016
8387,Storage,16.24,1,5/28/2015
8388,Storage,77.55,5,5/28/2015
8389,Appliances,76.12,2,11/1/2014
8390,Fasteners,17.184,6,12/27/2016
8392,Furnishings,27.46,2,12/23/2017
8393,Phones,137.94,3,12/1/2016
8394,Furnishings,111.15,5,12/1/2016
8395,Appliances,901.95,3,12/1/2016
8396,Tables,366.009,3,12/1/2016
8399,Chairs,155.372,2,11/2/2017
8401,Binders,232.4,5,12/5/2015
8402,Chairs,164.646,3,12/5/2015
8403,Paper,22.68,2,12/5/2015
8405,Furnishings,83.92,4,7/8/2017
8406,Accessories,141.9,5,7/8/2017
8407,Furnishings,39.98,2,7/8/2017
8408,Art,28.91,7,7/8/2017
8409,Art,174.95,5,7/8/2017
8422,Accessories,45.0,3,10/12/2017
8423,Fasteners,17.9,5,10/12/2017
8424,Furnishings,40.48,2,10/12/2017
8425,Bookcases,2154.9,5,10/12/2017
8426,Binders,18.432,8,8/28/2016
8430,Furnishings,303.92,5,12/19/2016
8432,Furnishings,274.2,10,11/8/2017
8438,Accessories,25.488,2,12/10/2015
8441,Paper,10.584,3,12/8/2016
8443,Phones,431.94,2,3/6/2016
8444,Binders,2.043,1,3/6/2016
8445,Phones,68.238,3,3/6/2016
8446,Tables,240.744,4,10/23/2017
8447,Furnishings,35.0,4,10/23/2017
8448,Furnishings,210.68,2,10/23/2017
8449,Tables,637.896,3,10/23/2017
8450,Paper,43.44,8,10/23/2017
8451,Appliances,2.22,1,10/23/2017
8461,Binders,25.3,5,8/30/2014
8462,Storage,95.94,3,8/30/2014
8466,Storage,17.94,3,4/9/2015
8467,Appliances,370.14,3,4/9/2015
8475,Binders,37.896,4,4/9/2017
8476,Paper,65.584,2,4/9/2017
8478,Machines,1035.8,4,10/30/2015
8482,Art,16.656,3,5/24/2016
8483,Labels,20.7,2,2/11/2017
8497,Art,59.52,3,3/5/2014
8498,Accessories,479.97,3,3/5/2014
8499,Supplies,18.62,2,3/5/2014
8500,Binders,49.632,6,3/5/2014
8501,Paper,97.82,2,3/5/2014
8512,Binders,25.584,2,12/22/2016
8517,Art,3.64,2,4/7/2016
8519,Furnishings,12.99,1,12/4/2017
8520,Chairs,182.22,3,12/4/2017
8521,Chairs,302.94,3,12/4/2017
8522,Furnishings,54.992,14,1/11/2016
8525,Phones,44.376,2,3/16/2017
8526,Furnishings,51.264,6,3/16/2017
8527,Binders,5.193,3,3/16/2017
8528,Accessories,159.984,2,3/16/2017
8529,Storage,54.224,2,3/16/2017
8537,Binders,18.312,4,6/7/2015
8538,Paper,25.92,5,6/7/2015
8539,Art,8.016,3,6/7/2015
8542,Storage,33.568,2,12/22/2015
8543,Chairs,422.625,7,12/22/2015
8544,Accessories,199.98,2,8/6/2014
8568,Paper,31.104,6,11/10/2016
8569,Binders,968.744,7,12/6/2016
8570,Binders,222.352,13,12/6/2016
8571,Copiers,479.984,2,12/6/2016
8574,Paper,24.56,2,10/20/2015
8577,Furnishings,102.3,1,7/3/2017
8586,Binders,11.088,7,12/9/2017
8589,Storage,51.968,2,5/15/2015
8590,Art,4.768,2,1/29/2017
8591,Envelopes,7.98,3,9/29/2017
8607,Accessories,23.18,2,8/18/2017
8608,Furnishings,56.96,2,6/4/2014
8609,Appliances,15.56,4,6/4/2014
8610,Bookcases,353.568,2,6/4/2014
8611,Furnishings,13.96,2,6/4/2014
8620,Storage,65.12,4,9/8/2017
8627,Storage,70.26,3,9/7/2015
8628,Accessories,,5,9/7/2015
8629,Binders,6.096,2,9/7/2015
8630,Tables,481.176,2,9/7/2015
8631,Fasteners,7.24,4,9/7/2015
8632,Bookcases,177.45,5,7/28/2016
8633,Binders,1369.764,6,7/28/2016
8634,Appliances,9.48,3,7/28/2016
8635,Bookcases,130.98,2,8/25/2017
8660,Paper,30.96,6,9/3/2016
8667,Art,16.52,5,12/30/2016
8671,Furnishings,182.352,3,12/27/2014
8672,Storage,118.16,2,12/27/2014
8686,Storage,96.36,6,11/14/2017
8690,Art,8.016,3,12/26/2014
8691,Phones,259.896,2,8/14/2016
8692,Phones,247.188,2,8/14/2016
8693,Accessories,279.96,5,8/14/2016
8704,Appliances,3.552,2,3/1/2015
8707,Chairs,172.764,2,9/8/2014
8708,Art,3.52,2,9/8/2014
8716,Binders,1.824,1,11/16/2017
8736,Storage,64.96,4,2/7/2014
8739,Art,13.248,4,12/8/2017
8740,Phones,83.988,2,12/8/2017
8745,Art,17.12,4,11/22/2015
8746,Paper,59.94,3,11/22/2015
8750,Binders,3050.376,3,6/16/2015
8751,Phones,133.98,2,6/16/2015
8754,Labels,17.712,6,9/9/2017
8755,Binders,4.86,3,9/9/2017
8756,Binders,6.258,2,9/9/2017
8757,Appliances,37.68,2,7/22/2016
8758,Paper,51.84,8,7/22/2016
8759,Furnishings,27.42,3,7/22/2016
8760,Binders,5.4,3,7/22/2016
8769,Accessories,288.0,4,10/5/2015
8774,Appliances,26.88,6,2/23/2015
8775,Binders,10.896,2,2/23/2015
8779,Bookcases,287.976,3,12/13/2017
8799,Phones,1294.75,5,4/6/2016
8800,Copiers,1799.97,5,5/8/2014
8804,Accessories,34.77,3,12/31/2014
8805,Labels,18.9,3,12/31/2014
8807,Furnishings,40.48,2,9/12/2016
8808,Binders,33.282,3,10/26/2017
8809,Phones,118.65,5,10/26/2017
8810,Labels,14.76,5,10/26/2017
8815,Phones,307.98,2,11/23/2015
8816,Paper,44.1,6,11/23/2015
8817,Art,13.12,4,11/23/2015
8818,Envelopes,16.56,2,11/23/2015
8819,Paper,38.88,6,11/23/2015
8825,Envelopes,8.856,3,3/21/2017
8826,Labels,6.912,3,12/19/2015
8833,Binders,1217.568,2,6/22/2015
8845,Binders,7.236,3,12/18/2017
8846,Fasteners,4.824,3,12/18/2017
8847,Paper,91.36,5,12/18/2017
8848,Appliances,130.112,2,12/18/2017
8853,Paper,123.92,4,10/8/2014
8854,Supplies,55.6,5,9/22/2015
8855,Accessories,617.976,3,9/22/2015
8861,Labels,31.05,3,9/11/2015
8862,Furnishings,8.92,4,9/11/2015
8863,Binders,209.6,4,9/11/2015
8864,Appliances,111.04,4,9/11/2015
8865,Paper,38.88,6,9/11/2015
8873,Machines,101.994,2,10/10/2014
8874,Binders,18.264,2,10/10/2014
8878,Machines,480.0,4,9/17/2017
8879,Storage,34.05,3,9/17/2017
8885,Binders,6.528,4,8/25/2014
8886,Binders,2.862,3,8/25/2014
8887,Binders,20.856,8,8/25/2014
8905,Labels,30.53,1,7/1/2016
8906,Accessories,30.84,3,7/1/2016
8907,Paper,75.06,9,7/1/2016
8910,Labels,21.93,3,10/28/2017
8921,Accessories,159.98,2,4/28/2014
8935,Paper,12.672,3,8/27/2017
8936,Accessories,1119.888,14,8/27/2017
8947,Paper,19.44,3,12/24/2017
8948,Binders,12.3,5,12/24/2017
8967,Accessories,72.0,1,11/3/2016
8968,Chairs,470.155,7,11/3/2016
8970,Art,19.728,9,12/2/2017
8971,Phones,151.188,2,12/2/2017
8972,Chairs,271.764,2,3/24/2017
8973,Accessories,47.496,1,11/19/2014
8979,Binders,5.76,2,11/3/2014
9000,Chairs,458.43,5,5/13/2017
9010,Paper,3.816,1,7/12/2017
9013,Furnishings,135.8,7,2/21/2016
9022,Binders,166.92,13,11/15/2015
9024,Chairs,117.882,1,6/29/2015
9025,Accessories,20.97,3,6/26/2016
9026,Accessories,139.96,4,6/26/2016
9027,Furnishings,37.74,3,6/26/2016
9028,Furnishings,14.82,3,9/17/2016
9029,Furnishings,191.82,3,9/17/2016
9030,Binders,13.904,2,7/18/2014
9037,Paper,25.92,4,4/7/2015
9038,Storage,22.58,2,4/7/2015
9050,Art,66.03,3,9/21/2014
9057,Chairs,2621.322,11,11/2/2015
9063,Fasteners,36.48,6,2/28/2016
9068,Phones,90.48,2,2/4/2016
9071,Furnishings,11.352,3,12/4/2017
9076,Binders,7.218,3,11/5/2015
9077,Supplies,27.2,4,11/5/2015
9090,Storage,295.4,5,9/17/2016
9092,Paper,15.552,3,6/28/2015
9093,Bookcases,482.94,6,6/28/2015
9116,Phones,429.6,2,1/19/2017
9117,Furnishings,31.968,2,1/19/2017
9118,Chairs,887.271,3,1/19/2017
9119,Paper,21.696,4,1/19/2017
9124,Binders,78.759,9,11/26/2016
9130,Bookcases,301.47,3,3/24/2016
9131,Art,18.656,2,3/24/2016
9132,Furnishings,27.46,2,5/28/2017
9133,Appliances,125.13,3,5/28/2017
9142,Phones,43.6,4,9/5/2016
9147,Accessories,99.98,2,1/23/2016
9148,Art,8.04,6,1/23/2016
9149,Storage,1564.29,13,1/23/2016
9155,Furnishings,19.312,2,8/1/2016
9157,Appliances,101.96,2,8/4/2014
9158,Paper,259.74,13,8/4/2014
9159,Accessories,255.42,9,8/4/2014
9178,Phones,13.98,2,11/14/2016
9179,Art,23.65,1,11/14/2016
9188,Supplies,3.488,2,8/21/2015
9189,Accessories,21.728,4,8/21/2015
9190,Storage,663.072,6,8/21/2015
9191,Binders,99.588,2,8/21/2015
9192,Paper,49.568,2,8/21/2015
9201,Bookcases,120.98,1,10/17/2016
9202,Binders,315.98,1,10/17/2016
9203,Binders,28.752,3,10/30/2016
9204,Art,114.95,5,10/30/2016
9206,Art,15.48,3,4/21/2016
9207,Paper,51.84,8,4/21/2016
9215,Labels,20.664,7,9/30/2017
9219,Storage,44.688,7,8/16/2015
9220,Bookcases,301.47,3,8/16/2015
9239,Furnishings,147.568,2,2/11/2017
9249,Binders,3.64,1,11/10/2016
9250,Phones,881.93,7,11/10/2016
9268,Chairs,102.582,1,9/25/2015
9269,Paper,20.04,3,9/25/2015
9270,Binders,32.088,7,8/21/2017
9271,Binders,4305.552,6,8/21/2017
9272,Furnishings,10.02,3,5/12/2016
9273,Phones,631.96,4,5/12/2016
9278,Labels,15.936,4,12/1/2017
9279,Binders,8.001,7,12/1/2017
9280,Chairs,398.972,2,12/1/2017
9289,Chairs,1079.316,6,11/30/2017
9291,Art,9.84,3,9/23/2014
9292,Binders,34.5,3,9/23/2014
9294,Binders,43.8,6,11/17/2017
9295,Paper,13.872,3,5/28/2017
9296,Bookcases,115.96,4,5/28/2017
9311,Binders,146.688,8,8/26/2016
9316,Phones,118.782,3,4/5/2016
9317,Supplies,769.184,4,4/5/2016
9319,Paper,13.36,2,7/20/2017
9320,Chairs,163.764,2,7/20/2017
9321,Furnishings,183.92,4,7/20/2017
9331,Envelopes,15.56,2,11/12/2015
9344,Tables,455.97,5,2/17/2017
9345,Binders,5.715,5,2/17/2017
9346,Phones,57.594,1,2/17/2017
9347,Furnishings,30.144,2,2/17/2017
9348,Chairs,899.43,5,2/17/2017
9358,Binders,43.12,5,1/25/2016
9359,Tables,313.722,3,1/25/2016
9360,Furnishings,45.98,1,1/25/2016
9361,Storage,428.68,7,1/25/2016
9367,Binders,68.48,2,6/8/2014
9368,Storage,1676.88,6,6/8/2014
9369,Paper,37.94,2,4/7/2016
9370,Chairs,272.97,3,11/7/2017
9371,Furnishings,41.568,4,5/29/2015
9372,Chairs,317.058,3,5/29/2015
9373,Fasteners,8.04,5,5/29/2015
9377,Accessories,31.8,3,12/25/2017
9385,Paper,25.92,4,8/11/2017
9387,Paper,79.92,4,1/19/2017
9388,Paper,12.28,1,1/19/2017
9389,Appliances,542.94,3,1/19/2017
9390,Envelopes,2.04,1,1/19/2017
9394,Phones,629.95,5,9/20/2014
9395,Chairs,631.782,2,9/20/2014
9396,Bookcases,801.568,2,9/20/2014
9397,Labels,75.18,6,9/20/2014
9398,Appliances,30.98,1,9/20/2014
9399,Phones,1349.91,9,9/20/2014
9403,Tables,209.148,2,8/12/2016
9404,Storage,1591.02,6,8/12/2016
9405,Fasteners,7.92,5,4/13/2017
9408,Accessories,1071.0,9,9/22/2017
9409,Furnishings,12.07,1,9/22/2017
9410,Binders,3.273,1,12/10/2017
9411,Furnishings,87.92,5,12/10/2017
9426,Chairs,3785.292,6,9/12/2014
9428,Furnishings,199.9,5,11/27/2014
9432,Labels,5.904,2,6/19/2015
9437,Binders,2.946,2,9/25/2015
9439,Phones,285.576,4,7/31/2017
9441,Paper,14.62,2,5/25/2014
9442,Appliances,48.36,5,12/29/2014
9461,Paper,34.44,3,11/17/2014
9464,Art,19.456,4,2/27/2014
9465,Labels,17.28,6,12/21/2014
9467,Binders,164.688,6,11/5/2017
9468,Tables,166.5,2,11/5/2017
9469,Paper,12.96,2,11/5/2017
9470,Paper,110.96,2,11/5/2017
9471,Phones,99.98,2,11/5/2017
9472,Binders,11.424,1,11/5/2017
9473,Chairs,128.124,2,11/5/2017
9474,Furnishings,101.4,5,11/5/2017
9483,Accessories,319.984,2,6/20/2015
9487,Tables,673.344,3,10/12/2017
9488,Fasteners,6.54,3,12/11/2017
9503,Art,32.13,9,4/22/2016
9504,Art,2.88,1,4/22/2016
9505,Phones,1091.93,7,10/14/2016
9506,Paper,111.96,2,10/14/2016
9511,Art,38.34,9,8/6/2016
9517,Phones,26.982,3,8/24/2015
9518,Labels,6.912,3,8/24/2015
9519,Storage,435.504,3,8/24/2015
9533,Chairs,427.644,14,10/27/2016
9534,Fasteners,40.67,7,10/27/2016
9535,Storage,33.48,2,10/27/2016
9536,Binders,9.728,2,10/27/2016
9539,Paper,16.9,5,9/7/2017
9540,Paper,39.96,2,9/7/2017
9548,Paper,6.848,2,6/18/2016
9549,Binders,4.626,2,6/18/2016
9550,Appliances,453.6,3,6/18/2016
9552,Storage,577.584,6,11/10/2015
9555,Furnishings,71.12,5,11/28/2015
9556,Fasteners,3.008,2,11/28/2015
9557,Paper,184.66,7,12/3/2015
9559,Accessories,132.52,5,5/3/2016
9560,Storage,195.64,5,5/3/2016
9561,Furnishings,51.968,2,5/3/2016
9562,Accessories,431.976,3,5/3/2016
9563,Machines,224.937,3,5/3/2016
9564,Labels,6.0,2,5/3/2016
9570,Binders,6.732,6,9/24/2015
9571,Storage,33.568,2,9/24/2015
9572,Envelopes,15.84,2,9/24/2015
9573,Labels,24.424,1,9/24/2015
9574,Art,17.12,5,9/24/2015
9579,Phones,1079.85,3,9/14/2017
9580,Storage,70.98,1,9/14/2017
9581,Art,29.95,5,9/14/2017
9582,Chairs,589.41,5,9/14/2017
9583,Fasteners,9.648,6,6/7/2016
9584,Bookcases,400.784,1,6/25/2017
9594,Paper,8.56,2,9/14/2017
9595,Paper,11.56,2,9/14/2017
9604,Tables,376.866,3,6/17/2016
9606,Accessories,70.72,4,11/4/2017
9607,Storage,194.352,3,11/4/2017
9608,Paper,21.6,6,12/5/2017
9609,Labels,11.07,3,12/5/2017
9618,Copiers,899.982,3,11/16/2017
9619,Art,86.352,3,11/16/2017
9620,Accessories,139.96,5,11/16/2017
9621,Appliances,16.704,6,9/26/2014
9622,Accessories,3.152,2,9/26/2014
9623,Paper,32.896,4,9/26/2014
9629,Paper,37.408,7,1/13/2014
9630,Binders,3.438,2,1/13/2014
9631,Binders,7.152,3,5/31/2016
9632,Phones,179.7,6,5/31/2016
9634,Accessories,177.0,3,10/14/2014
9635,Storage,79.45,7,10/14/2014
9636,Chairs,1628.82,9,10/14/2014
9656,Furnishings,97.44,3,9/22/2014
9657,Binders,3.984,1,9/22/2014
9658,Art,13.04,4,9/22/2014
9659,Chairs,579.528,4,9/22/2014
9673,Paper,7.968,2,12/23/2016
9674,Phones,1499.97,5,12/23/2016
9678,Art,6.99,3,4/18/2016
9679,Supplies,6.84,1,4/18/2016
9691,Art,7.04,4,4/4/2017
9693,Storage,470.36,11,8/28/2015
9696,Appliances,73.536,4,12/11/2016
9698,Furnishings,30.336,4,3/11/2016
9703,Paper,11.54,1,7/31/2017
9704,Binders,849.95,5,7/31/2017
9705,Binders,11.01,3,7/31/2017
9711,Furnishings,273.568,2,11/5/2014
9712,Binders,13.194,2,11/5/2014
9713,Storage,1080.096,6,11/5/2014
9714,Accessories,51.56,5,11/5/2014
9715,Accessories,58.416,2,11/5/2014
9717,Art,37.312,4,8/12/2016
9720,Storage,221.024,2,11/12/2017
9722,Chairs,326.646,3,2/16/2016
9723,Accessories,89.97,3,2/16/2016
9724,Binders,296.712,13,12/22/2014
9727,Appliances,286.86,7,12/2/2017
9728,Phones,979.95,5,12/2/2017
9729,Supplies,4.36,2,12/2/2017
9736,Paper,5.88,1,11/19/2014
9742,Bookcases,4404.9,5,11/8/2015
9744,Labels,9.45,3,6/16/2016
9750,Accessories,159.98,2,3/4/2016
9766,Binders,9.84,2,2/28/2017
9767,Paper,7.78,1,2/28/2017
9773,Paper,123.92,5,7/3/2016
9781,Phones,437.85,3,9/14/2016
9782,Binders,673.568,2,9/14/2016
9783,Paper,274.8,5,5/31/2015
9784,Storage,62.18,1,5/31/2015
9785,Furnishings,8.28,2,5/31/2015
9797,Art,10.368,2,1/12/2015
9798,Phones,235.188,2,1/12/2015
9799,Phones,26.376,4,1/12/2015
9800,Accessories,10.384,2,1/12/2015
9801,Phones,107.118,3,1/12/2015
9803,Binders,3.328,2,7/18/2015
9804,Phones,135.99,1,7/18/2015
9805,Furnishings,7.38,1,7/18/2015
9812,Paper,,4,11/27/2016
9813,Art,34.65,3,11/27/2016
9814,Paper,204.95,5,11/27/2016
9815,Binders,79.95,5,11/27/2016
9828,Storage,129.3,2,6/19/2017
9829,Binders,11.568,3,6/19/2017
9834,Accessories,895.944,7,9/14/2017
9851,Furnishings,12.56,2,5/2/2016
9852,Binders,90.48,3,5/2/2016
9853,Paper,13.08,2,5/2/2016
9854,Furnishings,214.7,5,5/2/2016
9867,Storage,1085.42,7,3/26/2015
9868,Appliances,13.11,3,3/26/2015
9869,Furnishings,68.704,2,11/1/2014
9870,Binders,3.132,2,11/1/2014
9871,Binders,22.428,3,11/1/2014
9874,Paper,6.48,1,12/10/2016
9875,Envelopes,63.968,2,9/22/2016
9876,Supplies,6.36,2,12/29/2015
9877,Storage,848.544,4,4/20/2017
9878,Binders,8.7,5,4/20/2017
9879,Phones,122.382,3,4/20/2017
9880,Chairs,573.174,7,8/21/2016
9881,Paper,85.056,3,5/29/2015
9888,Paper,9.96,2,10/12/2017
9889,Accessories,79.99,1,8/8/2015
9890,Art,8.94,3,3/19/2017
9898,Furnishings,466.32,3,6/6/2016
9899,Furnishings,82.64,2,6/6/2016
9900,Tables,330.588,1,3/28/2014
9919,Envelopes,39.98,1,9/24/2015
9922,Binders,5.742,3,11/24/2014
9924,Binders,49.848,3,3/20/2015
9925,Envelopes,23.99,1,3/20/2015
9926,Binders,1087.936,8,3/20/2015
9927,Phones,199.98,2,3/20/2015
9928,Storage,83.92,4,3/20/2015
9934,Phones,164.85,3,7/11/2014
9935,Appliances,33.528,3,4/7/2016
9936,Storage,36.744,3,4/7/2016
9937,Binders,102.93,3,6/24/2017
9939,Furnishings,60.35,5,12/12/2016
9940,Supplies,35.52,4,12/12/2016
9941,Art,11.2,7,12/12/2016
9946,Paper,3.424,1,3/2/2014
9947,Accessories,151.2,3,3/2/2014
9957,Paper,46.35,5,11/11/2014
9958,Paper,223.92,4,11/11/2014
9959,Supplies,7.3,2,11/11/2014
9964,Paper,10.368,2,7/26/2015
9965,Furnishings,13.4,1,12/5/2016
9966,Paper,4.98,1,12/5/2016
9967,Envelopes,109.69,7,12/5/2016
9968,Binders,40.2,5,12/11/2017
9969,Binders,735.98,2,12/11/2017
9970,Appliances,22.75,7,12/11/2017
9982,Labels,16.52,5,8/3/2017
9985,Labels,31.5,10,5/17/2015
9986,Supplies,55.6,4,5/17/2015
3,Labels,14.62,2,6/12/2016
6,Furnishings,48.86,7,6/9/2014
7,Art,7.28,4,6/9/2014
8,Phones,907.152,6,6/9/2014
9,Binders,18.504,3,6/9/2014
10,Appliances,114.9,5,6/9/2014
11,Tables,1706.184,9,6/9/2014
12,Phones,911.424,4,6/9/2014
