txn_id,category,sales_amount,qty,sale_date
15,Appliances,68.81,5,11/22/2015
16,Binders,2.544,3,11/22/2015
17,Storage,665.88,6,11/11/2014
22,Art,19.46,7,12/9/2016
23,Appliances,60.34,7,12/9/2016
35,Paper,29.472,3,10/19/2017
36,Phones,1097.544,7,12/8/2016
37,Furnishings,190.92,5,12/8/2016
38,Envelopes,113.328,9,12/27/2015
39,Bookcases,532.3992,3,12/27/2015
40,Chairs,,3,12/27/2015
41,Phones,371.168,4,12/27/2015
42,Phones,147.168,4,9/10/2017
45,Accessories,45.98,2,3/11/2016
46,Binders,17.46,2,3/11/2016
47,Storage,211.96,4,10/20/2014
50,Binders,38.22,6,4/18/2015
51,Labels,75.18,6,4/18/2015
52,Furnishings,6.16,2,4/18/2015
53,Chairs,89.99,1,4/18/2015
67,Chairs,213.115,5,4/30/2015
72,Paper,19.05,3,9/14/2017
76,Binders,1.248,3,12/9/2017
77,Furnishings,9.708,3,12/9/2017
78,Storage,27.24,3,12/9/2017
79,Furnishings,19.3,5,11/26/2014
85,Storage,230.376,3,11/13/2017
87,Accessories,19.99,1,10/26/2017
88,Labels,6.16,2,10/26/2017
89,Storage,158.368,7,4/5/2016
93,Paper,-15.5,2,1/31/2015
94,Furnishings,53.34,3,1/31/2015
95,Binders,32.96,2,1/31/2015
99,Appliances,77.88,6,9/6/2016
100,Paper,64.624,7,8/29/2016
101,Accessories,95.976,3,8/29/2016
102,Binders,1.788,3,8/29/2016
103,Paper,23.92,4,12/1/2016
110,Accessories,339.96,5,10/15/2015
112,Art,75.96,2,11/3/2016
113,Binders,,6,11/3/2016
125,Chairs,600.558,3,12/26/2014
126,Tables,617.7,6,9/20/2014
145,Appliances,839.43,3,12/22/2017
148,Phones,384.45,11,12/5/2016
149,Phones,149.97,3,12/5/2016
150,Chairs,1951.84,8,12/5/2016
151,Binders,171.55,5,12/5/2016
159,Labels,14.62,2,11/20/2016
160,Phones,944.93,7,11/20/2016
165,Art,9.936,3,9/8/2014
166,Machines,8159.952,8,9/8/2014
167,Storage,275.928,3,9/8/2014
168,Chairs,1740.06,9,9/8/2014
169,Art,32.064,6,9/8/2014
170,Appliances,177.98,5,9/8/2014
171,Phones,143.976,3,9/8/2014
175,Appliances,52.448,2,9/14/2014
176,Labels,20.16,4,9/14/2014
177,Appliances,97.264,4,4/21/2017
181,Storage,24.816,2,12/5/2014
182,Accessories,408.744,7,12/5/2014
188,Storage,37.224,3,7/16/2016
189,Paper,20.016,3,7/16/2016
204,Appliances,66.284,2,12/17/2017
207,Storage,83.92,4,12/1/2017
208,Phones,131.98,2,12/1/2017
209,Binders,15.92,4,12/1/2017
210,Fasteners,52.29,9,12/1/2017
211,Storage,91.99,1,12/1/2017
212,Accessories,20.8,2,2/9/2015
226,Art,2.2,1,8/9/2015
227,Tables,622.45,5,8/9/2015
228,Storage,21.98,1,8/9/2015
238,Paper,25.92,5,6/4/2016
239,Furnishings,419.68,5,6/4/2016
240,Furnishings,11.688,3,6/4/2016
241,Phones,31.984,2,6/4/2016
242,Tables,177.225,5,6/4/2016
243,Furnishings,4.044,3,6/4/2016
244,Art,7.408,2,6/4/2016
245,Chairs,2001.86,7,6/1/2014
246,Storage,166.72,2,6/1/2014
247,Paper,47.88,6,6/1/2014
248,Appliances,1503.25,5,6/1/2014
249,Paper,25.92,4,6/1/2014
255,Furnishings,12.132,9,11/28/2015
256,Storage,82.368,2,11/28/2015
257,Storage,53.92,5,11/28/2015
258,Phones,647.904,6,11/28/2015
262,Appliances,1.624,2,6/8/2017
263,Machines,3059.982,3,9/19/2014
264,Machines,2519.958,7,9/19/2014
265,Phones,328.224,4,6/6/2016
281,Binders,2.08,5,9/26/2015
282,Phones,1114.4,7,9/26/2015
304,Tables,219.075,3,11/19/2017
306,Art,9.84,3,12/30/2014
345,Storage,88.8,4,12/20/2015
371,Paper,25.92,5,5/29/2017
372,Storage,53.424,3,5/29/2017
377,Paper,99.136,4,9/28/2016
379,Appliances,8.652,3,4/28/2015
380,Storage,23.832,3,4/28/2015
381,Binders,12.176,4,4/28/2015
384,Accessories,41.9,2,6/26/2015
394,Binders,12.462,3,6/7/2014
398,Supplies,70.12,4,10/31/2015
399,Storage,35.952,3,9/8/2016
400,Bookcases,2396.2656,4,9/8/2016
401,Storage,131.136,4,9/8/2016
402,Accessories,57.584,2,9/8/2016
426,Furnishings,28.4,2,11/23/2017
427,Binders,287.92,8,11/23/2017
429,Art,6.672,6,10/1/2017
437,Machines,1007.979,3,6/12/2016
438,Paper,313.488,7,6/12/2016
439,Paper,31.872,8,9/15/2017
441,Furnishings,12.22,1,9/5/2016
442,Storage,194.94,3,9/5/2016
443,Storage,70.95,3,9/5/2016
444,Paper,91.36,4,9/5/2016
445,Chairs,242.94,3,9/5/2016
446,Labels,22.05,7,9/5/2016
447,Furnishings,2.91,1,3/20/2017
456,Accessories,63.88,4,12/13/2016
458,Chairs,747.558,3,9/26/2016
459,Envelopes,8.928,2,9/26/2016
468,Furnishings,254.744,7,1/17/2015
469,Bookcases,205.3328,2,3/31/2017
470,Binders,4.788,3,12/16/2016
488,Phones,2735.952,6,10/29/2014
489,Phones,7.992,1,6/9/2014
490,Accessories,63.984,2,6/9/2014
491,Art,70.368,2,6/9/2014
511,Furnishings,126.3,3,11/26/2017
512,Accessories,38.04,2,11/26/2017
520,Accessories,18.392,1,3/22/2015
521,Storage,129.568,2,3/22/2015
522,Binders,14.112,9,3/22/2015
523,Tables,210.98,2,1/23/2017
537,Binders,42.616,7,9/3/2017
541,Accessories,468.9,6,2/1/2014
544,Accessories,58.112,2,5/11/2014
545,Phones,100.792,1,5/11/2014
546,Furnishings,66.112,4,5/11/2014
549,Storage,250.272,9,11/15/2015
550,Binders,11.364,3,11/15/2015
551,Supplies,8.72,5,11/15/2015
554,Fasteners,10.824,3,11/24/2017
579,Storage,,2,7/20/2017
580,Furnishings,8.792,1,7/20/2017
593,Art,9.344,2,1/9/2014
594,Accessories,31.2,3,1/9/2014
611,Phones,369.576,3,4/28/2016
612,Labels,15.712,4,4/28/2016
622,Binders,8.69,5,12/26/2014
623,Chairs,301.96,2,11/29/2015
624,Appliances,555.21,5,11/29/2015
625,Storage,523.48,4,11/29/2015
626,Art,161.82,9,11/29/2015
641,Furnishings,18.84,3,12/18/2016
644,Accessories,132.52,4,6/10/2017
646,Appliances,209.3,2,12/30/2017
658,Chairs,701.372,2,9/19/2016
659,Binders,2.308,2,9/19/2016
660,Storage,999.432,7,8/24/2015
661,Storage,724.08,14,8/24/2015
662,Tables,918.785,5,8/24/2015
663,Binders,2.724,3,8/24/2015
666,Supplies,23.76,3,6/8/2017
667,Paper,85.056,3,6/8/2017
668,Phones,381.576,3,6/8/2017
670,Furnishings,23.976,3,6/9/2017
671,Tables,108.925,1,6/9/2017
672,Paper,36.352,8,6/9/2017
673,Art,19.56,5,6/15/2017
674,Appliances,61.44,3,12/5/2017
675,Paper,38.9,5,12/5/2017
676,Accessories,99.39,3,12/5/2017
677,Appliances,2.688,3,3/18/2017
678,Accessories,27.816,3,3/18/2017
679,Furnishings,82.524,3,3/18/2017
680,Binders,182.994,3,3/18/2017
722,Tables,1652.94,3,12/15/2016
723,Storage,296.37,3,12/15/2016
726,Envelopes,17.568,2,9/16/2017
727,Phones,55.992,1,9/16/2017
740,Labels,11.784,3,1/4/2014
741,Storage,272.736,3,1/4/2014
742,Binders,3.54,2,1/4/2014
743,Supplies,51.52,5,8/27/2016
744,Paper,3.528,1,8/27/2016
745,Paper,4.624,1,8/27/2016
746,Supplies,55.168,4,8/27/2016
749,Phones,11.992,1,3/20/2016
750,Binders,58.05,3,10/2/2017
751,Furnishings,157.74,11,10/2/2017
752,Art,56.98,7,10/2/2017
753,Binders,2.88,1,10/2/2017
757,Storage,24.56,2,12/29/2014
758,Accessories,119.8,4,12/29/2014
760,Paper,22.72,4,9/18/2017
771,Binders,18.28,2,1/30/2017
772,Phones,207.0,3,1/30/2017
773,Binders,32.35,5,1/30/2017
774,Binders,7.71,1,1/30/2017
775,Art,40.3,2,1/30/2017
776,Furnishings,34.58,7,1/30/2017
796,Binders,20.16,7,9/21/2017
808,Furnishings,28.4,2,2/3/2015
809,Accessories,149.97,3,2/3/2015
816,Paper,51.84,8,3/20/2015
827,Fasteners,35.0,7,8/21/2017
828,Supplies,37.24,4,8/21/2017
829,Envelopes,15.28,2,8/21/2017
837,Binders,51.184,4,9/8/2014
839,Phones,21.072,3,3/7/2016
884,Furnishings,31.4,5,10/22/2016
892,Paper,4.54,1,6/26/2017
893,Art,15.92,4,6/26/2017
894,Phones,543.92,8,6/26/2017
897,Envelopes,15.648,2,10/3/2016
898,Labels,103.6,7,9/9/2014
901,Labels,10.44,5,11/11/2017
902,Binders,18.336,4,11/11/2017
903,Phones,323.976,3,9/15/2017
910,Phones,1199.8,4,9/2/2017
911,Accessories,1928.78,7,9/2/2017
912,Storage,352.38,2,9/2/2017
914,Furnishings,46.94,1,11/27/2017
915,Accessories,143.73,9,11/27/2017
916,Tables,99.918,2,6/15/2014
917,Chairs,797.944,4,6/15/2014
918,Binders,8.568,3,6/15/2014
919,Envelopes,149.352,3,3/5/2016
920,Storage,12.992,1,3/5/2016
954,Art,27.168,2,12/28/2017
955,Bookcases,78.8528,2,12/28/2017
978,Machines,3059.982,2,1/7/2017
980,Paper,34.02,3,12/9/2015
985,Labels,7.968,2,9/29/2017
986,Envelopes,27.968,4,9/29/2017
987,Machines,336.51,3,9/29/2017
988,Binders,1.112,2,3/10/2015
1009,Paper,44.75,5,12/26/2017
1010,Phones,95.984,2,8/1/2017
1037,Furnishings,86.62,2,4/22/2016
1041,Tables,697.16,4,3/20/2016
1044,Art,8.84,5,7/9/2017
1045,Appliances,58.464,9,7/9/2017
1046,Chairs,254.604,14,10/12/2017
1061,Chairs,107.772,2,3/23/2015
1069,Supplies,1.744,1,9/28/2017
1077,Art,40.88,7,9/29/2016
1081,Paper,19.92,4,11/29/2015
1082,Chairs,1106.91,9,11/29/2015
1087,Paper,6.48,1,8/12/2016
1103,Binders,2.694,3,4/21/2017
1104,Binders,2.934,3,4/21/2017
1106,Storage,100.704,6,11/19/2016
1107,Furnishings,2.328,2,11/19/2016
1108,Binders,10.78,5,11/19/2016
1109,Fasteners,58.368,12,11/19/2016
1110,Envelopes,40.968,3,11/19/2016
1111,Phones,71.96,5,11/19/2016
1112,Paper,10.368,2,11/19/2016
1113,Binders,1.192,2,11/19/2016
1128,Art,10.16,1,3/2/2015
1129,Envelopes,101.88,6,3/2/2015
1137,Envelopes,287.52,8,11/12/2016
1138,Appliances,37.68,2,11/12/2016
1139,Paper,19.98,2,11/12/2016
1140,Art,20.58,7,11/12/2016
1141,Binders,17.38,2,11/12/2016
1147,Appliances,644.076,2,4/4/2015
1148,Fasteners,5.84,2,4/4/2015
1149,Binders,12.76,2,4/4/2015
1150,Phones,10.95,1,4/4/2015
1151,Copiers,599.98,2,4/4/2015
1160,Appliances,362.94,3,6/29/2017
1161,Binders,11.54,2,6/29/2017
1166,Binders,46.8,4,5/4/2014
1172,Paper,22.38,2,3/10/2014
1174,Binders,5.176,4,10/22/2015
1180,Accessories,258.696,3,4/24/2016
1198,Accessories,431.928,9,4/8/2016
1199,Chairs,95.984,4,4/8/2016
1200,Binders,1088.792,4,4/8/2016
1253,Phones,1099.96,4,7/4/2015
1264,Phones,69.9,2,10/1/2016
1265,Furnishings,41.85,5,10/1/2016
1271,Storage,102.336,4,4/21/2016
1272,Appliances,48.792,3,4/21/2016
1273,Binders,44.848,8,4/21/2016
1274,Paper,10.368,2,5/26/2016
1275,Chairs,388.43,5,5/26/2016
1276,Paper,14.352,3,5/26/2016
1277,Accessories,63.992,1,5/26/2016
1278,Art,86.352,3,5/2/2016
1281,Phones,278.4,3,9/5/2016
1285,Binders,2.772,7,12/6/2015
1299,Phones,114.95,5,12/8/2016
1306,Phones,419.944,7,7/14/2016
1326,Binders,17.46,6,5/27/2014
1333,Binders,1.08,3,2/16/2014
1334,Appliances,7.96,2,2/16/2014
1346,Appliances,93.78,2,3/17/2014
1347,Paper,47.18,7,3/17/2014
1348,Art,19.68,6,3/17/2014
1349,Binders,53.4,10,3/17/2014
1350,Binders,35.88,6,3/17/2014
1351,Chairs,258.279,3,10/3/2014
1356,Storage,220.776,3,7/5/2014
1357,Storage,281.424,11,7/5/2014
1359,Furnishings,1.988,1,4/26/2017
1382,Furnishings,83.952,3,9/3/2016
1395,Tables,652.45,5,10/9/2017
1396,Tables,66.645,3,10/9/2017
1411,Labels,23.68,2,11/4/2017
1417,Phones,946.344,7,9/21/2015
1418,Accessories,151.2,3,9/21/2015
1419,Furnishings,4.928,4,9/21/2015
1438,Accessories,263.88,3,10/15/2015
1439,Chairs,2453.43,5,10/15/2015
1445,Phones,1979.928,9,5/23/2016
1446,Storage,164.736,4,6/13/2017
1447,Chairs,470.302,7,6/13/2017
1448,Phones,47.984,2,6/13/2017
1459,Labels,15.936,4,9/25/2016
1463,Accessories,159.984,2,8/26/2016
1464,Chairs,1024.716,6,8/26/2016
1469,Chairs,872.94,3,12/9/2017
1470,Binders,41.54,2,12/9/2017
1471,Paper,12.96,2,12/9/2017
1474,Furnishings,6.688,4,12/1/2015
1496,Art,10.192,7,9/4/2017
1497,Storage,16.784,1,9/4/2017
1498,Art,13.12,5,9/4/2017
1500,Paper,16.056,3,11/12/2017
1501,Paper,223.056,9,11/12/2017
1502,Storage,540.048,3,11/12/2017
1509,Binders,34.5,3,12/10/2017
1513,Storage,200.064,3,8/18/2017
1514,Binders,21.38,5,8/18/2017
1515,Binders,6.744,4,8/18/2017
1521,Art,16.52,5,4/16/2017
1547,Paper,335.52,4,11/23/2015
1548,Binders,23.912,2,11/23/2015
1549,Storage,27.056,2,11/23/2015
1551,Appliances,9.324,6,11/13/2017
1553,Labels,21.56,7,5/3/2014
1567,Accessories,21.48,3,11/29/2015
1568,Binders,8.784,4,11/29/2015
1575,Phones,40.68,3,12/15/2014
1576,Chairs,763.28,5,12/15/2014
1577,Storage,23.952,2,4/22/2016
1591,Art,33.488,7,4/15/2016
1592,Fasteners,8.04,5,4/15/2016
1595,Bookcases,359.058,3,3/24/2015
1598,Paper,16.896,4,11/19/2017
1599,Supplies,6.672,1,11/19/2017
1600,Art,99.136,4,11/19/2017
1601,Furnishings,15.992,2,11/19/2017
1616,Labels,3.75,1,8/10/2015
1617,Labels,41.4,4,8/10/2015
1618,Art,29.79,3,8/10/2015
1643,Fasteners,12.624,2,11/29/2014
1658,Furnishings,34.79,7,5/12/2014
1664,Storage,41.92,5,11/24/2016
1665,Accessories,297.576,3,11/24/2016
1666,Fasteners,4.344,3,11/24/2016
1667,Accessories,94.992,2,11/24/2016
1668,Paper,74.352,3,11/24/2016
1669,Art,14.04,3,11/24/2016
1671,Phones,16.68,3,10/19/2017
1673,Phones,167.968,4,7/3/2017
1675,Furnishings,21.936,2,9/17/2015
1676,Binders,6.588,3,9/17/2015
1691,Paper,33.45,5,12/9/2017
1692,Binders,10.4,5,12/9/2017
1694,Accessories,13.616,2,6/26/2016
1713,Paper,14.304,6,1/30/2015
1714,Tables,765.625,7,9/8/2017
1722,Phones,159.984,2,12/20/2015
1723,Accessories,255.968,4,12/20/2015
1724,Bookcases,359.058,3,12/20/2015
1733,Storage,338.04,3,7/10/2016
1734,Art,154.24,4,7/10/2016
1749,Paper,10.368,2,4/25/2014
1750,Art,6.24,3,4/25/2014
1751,Tables,206.962,2,11/22/2015
1756,Paper,360.712,11,12/8/2015
1757,Phones,1718.4,6,12/8/2015
1758,Binders,41.568,6,7/13/2015
1759,Accessories,46.864,2,5/11/2014
1770,Supplies,6.976,4,3/2/2017
1771,Binders,12.222,7,3/2/2017
1772,Storage,97.984,2,11/27/2016
1773,Accessories,62.4,6,11/27/2016
1784,Paper,219.84,4,9/22/2017
1785,Accessories,98.16,6,9/22/2017
1786,Binders,33.04,8,9/22/2017
1787,Phones,86.97,3,9/22/2017
1788,Phones,134.97,3,2/15/2015
1789,Phones,699.98,2,2/15/2015
1790,Accessories,139.95,5,2/15/2015
1792,Chairs,2807.84,8,12/1/2014
1793,Art,46.64,4,12/1/2014
1794,Storage,60.416,2,12/8/2014
1795,Art,107.94,3,9/5/2016
1800,Fasteners,11.168,4,8/8/2016
1801,Paper,53.952,3,8/8/2016
1809,Phones,69.93,7,2/11/2016
1810,Furnishings,16.156,7,10/23/2016
1811,Paper,54.816,3,10/23/2016
1819,Appliances,75.6,2,5/25/2014
1820,Furnishings,29.32,2,5/25/2014
1821,Appliances,92.064,6,2/16/2016
1822,Fasteners,6.976,4,2/16/2016
1823,Chairs,62.958,3,2/16/2016
1824,Paper,5.184,1,2/16/2016
1831,Phones,1439.92,8,10/21/2017
1832,Tables,262.11,1,10/21/2017
1834,Machines,1439.982,3,8/1/2017
1835,Paper,36.288,7,8/1/2017
1843,Labels,40.096,4,2/9/2015
1844,Furnishings,40.784,2,2/9/2015
1850,Storage,34.76,1,7/20/2015
1851,Accessories,831.2,5,7/20/2015
1852,Paper,26.4,5,7/20/2015
1853,Envelopes,106.75,7,7/20/2015
1854,Paper,97.82,2,7/20/2015
1855,Storage,141.4,5,7/20/2015
1857,Storage,127.92,5,5/12/2017
1858,Binders,34.24,4,5/12/2017
1863,Storage,49.632,4,11/12/2014
1877,Phones,470.376,3,3/25/2017
1885,Labels,6.0,2,1/19/2017
1897,Binders,1793.98,2,10/3/2017
1902,Phones,14.78,2,8/20/2016
1906,Storage,909.12,8,10/21/2017
1912,Paper,273.896,7,7/3/2017
1913,Machines,597.132,3,7/3/2017
1919,Phones,299.9,2,10/30/2015
1923,Phones,863.64,9,7/8/2016
1924,Art,47.616,3,7/8/2016
1942,Labels,47.36,4,8/29/2017
1943,Storage,27.44,2,8/29/2017
1944,Binders,3.24,9,8/29/2017
1945,Accessories,95.968,4,6/20/2016
1946,Paper,10.368,2,6/20/2016
1959,Binders,16.2,3,9/10/2017
1960,Appliances,33.99,3,9/10/2017
1961,Accessories,296.85,5,9/10/2017
1962,Accessories,112.8,6,9/10/2017
1963,Binders,13.71,3,9/10/2017
1964,Paper,24.9,5,9/10/2017
1965,Storage,286.29,3,9/10/2017
1966,Appliances,24.18,2,9/10/2017
1970,Accessories,291.96,4,9/23/2017
1971,Art,6.408,3,5/6/2017
1972,Accessories,408.744,7,5/6/2017
1973,Binders,5.104,4,12/14/2014
1974,Fasteners,2.896,2,12/14/2014
1975,Accessories,35.016,3,12/14/2014
1983,Phones,479.96,4,12/3/2014
1988,Binders,17.22,3,11/9/2015
1989,Tables,1024.38,7,11/9/2015
1990,Envelopes,26.22,3,11/9/2015
1991,Paper,17.34,3,11/9/2015
1996,Appliances,294.62,5,12/2/2017
1997,Furnishings,8.752,4,12/2/2017
2005,Binders,11.364,3,4/11/2017
2006,Art,29.68,7,12/31/2014
2007,Accessories,47.53,7,12/31/2014
2008,Bookcases,183.372,2,8/3/2017
2012,Accessories,159.984,2,12/11/2015
2013,Storage,46.344,3,12/11/2015
2033,Paper,9.392,2,12/9/2016
2034,Art,9.328,1,12/9/2016
2035,Binders,8.26,2,9/25/2017
2036,Chairs,269.97,3,9/25/2017
2045,Paper,15.552,3,8/17/2014
2055,Furnishings,17.31,3,12/1/2016
2056,Accessories,199.95,5,12/22/2017
2057,Chairs,1586.69,7,12/22/2017
2058,Accessories,84.99,1,12/22/2017
2059,Tables,411.8,2,12/22/2017
2084,Labels,23.68,2,11/23/2014
2093,Chairs,479.9,5,11/17/2014
2107,Binders,0.876,1,9/26/2014
2123,Bookcases,241.96,2,9/22/2017
2124,Labels,27.72,9,9/22/2017
2137,Furnishings,14.76,5,12/31/2015
2138,Binders,3.656,4,12/31/2015
2151,Chairs,233.058,3,11/19/2017
2152,Accessories,111.79,7,11/24/2014
2155,Furnishings,22.608,3,4/30/2016
2157,Storage,501.81,3,6/22/2014
2158,Storage,161.94,3,6/22/2014
2160,Binders,8.808,3,9/3/2016
2164,Accessories,191.976,3,10/13/2016
2165,Paper,8.288,2,10/13/2016
2166,Furnishings,139.92,5,10/13/2016
2167,Art,15.872,1,10/13/2016
2168,Binders,6.286,7,10/13/2016
2172,Chairs,305.312,2,11/19/2017
2174,Binders,9.264,3,7/30/2016
2175,Storage,61.792,4,7/30/2015
2188,Envelopes,70.08,6,8/10/2017
2189,Furnishings,121.3,2,8/10/2017
2190,Phones,1454.49,9,8/10/2017
2207,Binders,29.932,7,7/14/2014
2208,Phones,38.272,4,7/14/2014
2212,Appliances,167.292,6,11/27/2016
2227,Fasteners,2.896,2,7/29/2017
2228,Phones,124.792,1,7/29/2017
2232,Furnishings,526.45,5,6/26/2017
2233,Storage,228.92,5,7/9/2017
2236,Storage,190.86,2,9/15/2015
2237,Art,24.32,8,9/15/2015
2239,Furnishings,44.4,2,4/20/2017
2284,Phones,23.92,2,3/5/2015
2285,Appliances,60.69,7,3/5/2015
2301,Binders,12.72,3,11/14/2014
2302,Binders,11.52,4,11/14/2014
2306,Bookcases,141.372,2,12/23/2016
2307,Paper,27.216,3,8/6/2015
2314,Labels,14.62,2,7/20/2017
2315,Appliances,416.32,2,7/20/2017
2316,Binders,43.0,5,7/20/2017
2317,Chairs,182.94,3,7/20/2017
2318,Binders,60.83,7,7/20/2017
2319,Accessories,389.97,3,7/20/2017
2333,Paper,277.4,5,3/21/2017
2334,Paper,5.78,1,3/21/2017
2344,Storage,123.552,3,7/26/2014
2345,Appliances,490.32,9,2/22/2016
2346,Paper,70.08,5,3/13/2016
2347,Binders,1.272,2,3/13/2016
2348,Tables,557.585,5,3/13/2016
2372,Furnishings,60.288,8,7/7/2016
2373,Fasteners,2.632,1,7/7/2016
2374,Paper,23.688,9,7/7/2016
2375,Chairs,253.372,2,7/7/2016
2402,Storage,94.2,6,4/1/2017
2403,Envelopes,28.4,5,4/1/2017
2404,Bookcases,956.6648,7,9/27/2016
2415,Chairs,754.45,5,12/29/2016
2422,Storage,230.376,3,4/18/2016
2423,Paper,9.664,2,4/18/2016
2428,Binders,1.344,4,6/11/2016
2429,Binders,8.272,4,6/11/2016
2430,Furnishings,12.544,7,6/11/2016
2434,Phones,54.368,4,5/28/2017
2480,Supplies,11.184,1,6/19/2017
2481,Storage,153.584,2,6/19/2017
2494,Tables,300.93,5,9/10/2016
2495,Phones,719.96,5,9/10/2016
2496,Chairs,647.84,8,6/16/2014
2501,Paper,12.224,2,6/17/2017
2502,Binders,2.304,4,6/17/2017
2503,Binders,9.36,4,6/17/2017
2508,Appliances,32.784,4,7/2/2015
2511,Storage,1117.92,4,11/18/2016
2514,Accessories,95.968,4,11/11/2016
2515,Chairs,47.992,2,11/11/2016
2517,Envelopes,604.656,9,11/15/2014
2519,Labels,20.16,7,10/15/2016
2520,Labels,29.46,6,10/15/2016
2521,Appliances,868.59,3,10/15/2016
2522,Paper,12.96,2,10/15/2016
2523,Phones,5.5,1,10/15/2016
2524,Binders,121.6,4,10/15/2016
2525,Art,42.048,9,4/6/2015
2526,Accessories,25.488,2,4/6/2015
2527,Binders,6.9,3,4/6/2015
2528,Binders,9.648,6,4/6/2015
2529,Paper,7.968,2,4/6/2015
2557,Furnishings,51.712,8,10/8/2016
2572,Art,2.912,2,7/16/2017
2573,Accessories,1399.944,7,8/12/2016
2574,Furnishings,526.45,5,7/9/2017
2586,Envelopes,6.608,2,11/3/2015
2591,Furnishings,14.136,2,9/8/2016
2592,Tables,601.47,3,9/8/2016
2595,Envelopes,180.96,2,5/13/2017
2596,Binders,914.97,3,5/13/2017
2597,Phones,587.97,3,5/13/2017
2598,Storage,530.34,2,5/13/2017
2599,Paper,14.94,3,5/13/2017
2608,Accessories,24.672,3,11/25/2014
2609,Labels,2.52,1,11/25/2014
2610,Tables,1218.735,5,11/25/2014
2611,Labels,5.904,2,11/25/2014
2612,Paper,15.696,3,11/25/2014
2613,Furnishings,6.096,3,11/25/2014
2623,Paper,25.92,4,12/3/2014
2631,Paper,14.94,3,9/10/2015
2643,Paper,186.048,6,12/29/2016
2646,Furnishings,57.69,3,9/7/2014
2647,Binders,42.81,3,9/7/2014
2648,Paper,12.96,2,9/7/2014
2649,Furnishings,821.88,6,9/7/2014
2650,Phones,104.85,3,9/7/2014
2663,Binders,8.76,2,4/14/2017
2667,Accessories,79.512,3,10/1/2016
2668,Paper,28.352,1,10/1/2016
2680,Binders,14.4,5,1/21/2017
2681,Accessories,619.95,5,1/21/2017
2682,Binders,89.52,4,1/21/2017
2683,Machines,350.973,3,1/21/2017
2684,Phones,164.99,1,1/21/2017
2688,Binders,3.98,5,8/4/2016
2690,Art,5.248,4,6/30/2014
2720,Furnishings,23.976,3,12/6/2014
2748,Accessories,27.168,4,11/22/2015
2769,Appliances,32.192,2,4/2/2015
2770,Accessories,50.12,7,4/2/2015
2771,Accessories,47.976,3,4/2/2015
2772,Storage,54.5,5,9/3/2016
2774,Binders,49.44,3,11/22/2016
2782,Art,22.0,10,11/20/2017
2783,Phones,257.98,2,11/11/2016
2788,Furnishings,58.36,5,12/2/2014
2789,Art,16.464,7,12/2/2014
2790,Furnishings,39.96,5,12/2/2014
2791,Appliances,25.96,2,9/21/2014
2792,Appliances,36.27,3,9/21/2014
2793,Paper,6.48,1,9/21/2014
2806,Chairs,47.516,2,9/7/2015
2811,Paper,179.82,9,11/16/2015
2812,Furnishings,185.58,6,11/16/2015
2813,Tables,214.11,3,11/16/2015
2814,Accessories,999.96,4,11/16/2015
2815,Tables,653.55,3,11/16/2015
2823,Art,8.928,2,9/18/2017
2824,Storage,47.584,2,9/18/2017
2825,Paper,33.792,8,9/25/2014
2826,Bookcases,,2,9/25/2014
2827,Binders,2.724,2,9/25/2014
2828,Envelopes,3.264,2,9/25/2014
2843,Storage,143.728,2,3/23/2017
2845,Chairs,845.488,8,12/27/2016
2847,Binders,762.594,3,9/10/2017
2852,Paper,28.16,4,12/17/2017
2856,Labels,20.23,7,7/25/2017
2883,Binders,8.85,5,2/21/2014
2899,Chairs,408.422,2,4/26/2015
2903,Paper,23.12,5,6/12/2016
2904,Paper,37.464,7,6/27/2016
2905,Chairs,539.658,3,6/27/2016
2907,Paper,8.56,2,11/3/2017
2908,Storage,52.4,5,11/3/2017
2909,Labels,14.94,3,11/3/2017
2915,Phones,135.72,3,10/12/2015
2916,Binders,12.56,2,10/12/2015
2917,Phones,263.96,4,10/12/2015
2918,Art,5.952,1,8/27/2017
2923,Binders,3.882,3,11/30/2015
2924,Fasteners,6.08,1,6/28/2014
2928,Art,8.64,3,6/4/2017
2930,Furnishings,19.76,4,11/18/2017
2941,Chairs,90.99,1,3/25/2017
2942,Chairs,1526.56,7,3/25/2017
2943,Chairs,368.97,3,3/25/2017
2967,Furnishings,32.952,6,12/27/2014
2968,Storage,30.016,4,12/27/2014
2974,Binders,10.8,5,12/16/2017
2975,Tables,244.006,2,5/7/2015
2976,Paper,15.936,4,5/7/2015
2994,Binders,895.92,4,3/11/2017
3003,Binders,19.0,5,7/5/2015
3006,Binders,91.68,3,5/17/2014
3017,Storage,727.296,8,8/23/2016
3018,Furnishings,22.608,3,8/23/2016
3019,Accessories,666.4,7,8/23/2016
3024,Bookcases,327.7328,2,11/17/2017
3031,Bookcases,194.32,4,9/21/2015
3032,Art,25.99,1,9/21/2015
3046,Art,13.9,5,11/6/2017
3047,Paper,26.38,1,11/6/2017
3054,Phones,517.9,2,4/9/2016
3055,Binders,5.28,2,4/9/2016
3056,Copiers,2799.96,5,8/28/2015
3062,Paper,26.88,8,3/3/2017
3076,Storage,342.864,3,7/20/2014
3077,Furnishings,16.74,5,7/20/2014
3078,Chairs,981.372,2,7/20/2014
3085,Binders,252.784,4,2/9/2017
3086,Accessories,127.984,2,2/9/2017
3087,Furnishings,3.984,2,2/9/2017
3088,Appliances,12.992,2,2/9/2017
3094,Supplies,31.68,4,8/23/2015
3095,Paper,10.368,2,8/23/2015
3096,Fasteners,12.032,8,8/23/2015
3097,Appliances,5.768,2,8/23/2015
3098,Labels,33.12,4,4/27/2017
3099,Bookcases,220.2656,4,4/27/2017
3106,Labels,15.712,4,7/25/2016
3107,Storage,298.464,6,7/10/2017
3108,Paper,21.93,3,7/17/2016
3109,Storage,242.94,3,7/17/2016
3110,Paper,7.64,1,7/17/2016
3111,Paper,51.84,8,7/17/2016
3112,Storage,265.17,1,7/17/2016
3135,Binders,30.56,5,11/12/2017
3136,Storage,77.952,3,11/12/2017
3137,Phones,67.992,1,11/12/2017
3138,Envelopes,12.224,2,11/12/2017
3139,Accessories,44.784,2,11/12/2017
3140,Furnishings,22.848,3,11/12/2017
3142,Binders,210.392,2,12/12/2014
3145,Chairs,347.802,7,9/5/2016
3155,Binders,735.98,2,7/20/2017
3161,Binders,5.18,5,9/12/2014
3168,Furnishings,67.0,5,10/29/2016
3172,Binders,3.168,2,3/21/2016
3173,Chairs,528.43,5,3/21/2016
3174,Art,13.392,3,3/21/2016
3175,Art,181.86,7,11/11/2017
3186,Binders,26.046,3,11/7/2014
3187,Envelopes,74.352,3,11/7/2014
3191,Storage,12.672,3,12/27/2015
3193,Binders,6.37,7,6/4/2017
3194,Binders,3.648,3,9/1/2014
3195,Paper,31.104,6,9/1/2014
3211,Envelopes,13.392,3,9/22/2017
3212,Binders,11.228,7,9/22/2017
3213,Appliances,207.24,11,12/23/2014
3232,Binders,26.046,3,4/16/2017
3233,Binders,2.896,1,4/16/2017
3234,Storage,32.544,2,4/16/2017
3239,Chairs,318.43,5,11/20/2016
3240,Phones,122.92,7,11/20/2016
3241,Furnishings,7.068,3,11/20/2016
3243,Binders,13.468,13,3/31/2017
3244,Phones,219.8,5,12/1/2017
3245,Chairs,317.058,3,12/1/2017
3251,Fasteners,24.85,7,12/23/2016
3253,Art,7.056,3,10/27/2017
3254,Phones,27.184,2,10/27/2017
3260,Binders,3.136,2,11/13/2016
3261,Paper,20.736,4,11/14/2014
3270,Accessories,2.97,3,7/15/2014
3271,Fasteners,6.54,3,7/15/2014
3275,Fasteners,18.24,3,11/2/2017
3276,Art,27.78,6,11/2/2017
3286,Art,6.56,2,2/20/2017
3287,Appliances,13.11,3,2/20/2017
3292,Art,11.68,2,10/30/2016
3295,Binders,30.96,8,8/15/2014
3305,Envelopes,12.984,3,12/30/2014
3306,Phones,217.584,2,12/30/2014
3307,Phones,328.776,3,12/30/2014
3308,Binders,2.286,3,12/30/2014
3309,Accessories,47.984,2,12/30/2014
3317,Furnishings,341.96,5,11/10/2017
3325,Binders,896.99,5,11/11/2014
3326,Binders,1.234,1,11/11/2014
3327,Art,67.56,3,11/11/2014
3328,Paper,21.72,5,11/11/2014
3329,Paper,262.336,8,11/11/2014
3330,Phones,148.48,2,11/11/2014
3331,Phones,241.176,3,11/11/2014
3332,Accessories,227.976,3,12/14/2017
3333,Phones,52.68,3,12/14/2017
3334,Furnishings,2.032,1,12/14/2017
3349,Binders,16.03,5,11/5/2017
3358,Paper,73.008,9,9/7/2017
3359,Binders,3.208,2,5/6/2016
3360,Accessories,26.176,2,5/6/2016
3365,Furnishings,9.552,3,7/16/2016
3367,Paper,10.368,2,7/9/2014
3368,Paper,14.352,3,7/9/2014
3371,Accessories,1287.45,5,3/25/2016
3378,Storage,111.672,9,11/1/2016
3379,Binders,13.776,6,3/17/2017
3380,Paper,10.272,3,3/17/2017
3391,Paper,6.848,2,3/25/2017
3394,Binders,6.928,1,11/22/2014
3396,Storage,443.92,4,7/1/2017
3397,Binders,169.99,1,7/1/2017
3398,Paper,25.92,4,7/1/2017
3403,Furnishings,22.288,7,5/4/2015
3404,Furnishings,65.424,4,5/29/2017
3416,Fasteners,1.81,1,9/2/2016
3417,Binders,8.26,2,9/2/2016
3426,Binders,15.24,4,9/24/2015
3427,Chairs,1408.1,10,9/24/2015
3436,Binders,15.08,2,9/27/2015
3437,Furnishings,24.288,3,9/27/2015
3438,Furnishings,16.192,2,10/30/2017
3439,Tables,251.006,2,10/30/2017
3440,Storage,54.192,6,10/30/2017
3462,Phones,492.768,4,11/5/2017
3474,Chairs,180.98,1,3/3/2017
3475,Accessories,99.98,2,3/3/2017
3476,Accessories,34.95,5,11/27/2016
3477,Binders,-15.5,5,11/27/2016
3489,Chairs,408.422,2,7/2/2015
3490,Chairs,382.116,6,7/2/2015
3491,Storage,68.6,5,7/2/2015
3492,Storage,435.504,3,7/2/2015
3493,Paper,11.168,2,7/2/2015
3494,Accessories,72.0,4,9/24/2017
3495,Accessories,655.9,5,9/24/2017
3496,Chairs,603.92,4,9/24/2017
3503,Paper,10.368,2,4/10/2017
3504,Accessories,95.736,3,4/10/2017
3506,Phones,201.584,2,6/20/2014
3507,Binders,3.392,4,6/20/2014
3508,Bookcases,193.0656,4,6/20/2014
3509,Paper,15.552,3,6/20/2014
3510,Paper,11.648,2,6/20/2014
3511,Machines,418.8,2,6/20/2014
3512,Storage,509.488,7,6/20/2014
3513,Bookcases,825.174,9,9/4/2017
3514,Paper,17.76,3,9/4/2017
3515,Art,6.912,3,9/4/2017
3520,Tables,796.425,7,6/22/2015
3522,Paper,40.46,7,11/21/2016
3523,Phones,404.94,3,11/21/2016
3525,Phones,657.552,6,11/24/2016
3531,Art,21.4,5,5/19/2016
3545,Paper,28.672,8,12/23/2017
3546,Appliances,29.312,8,12/23/2017
3551,Paper,45.528,3,3/29/2016
3552,Chairs,844.116,6,3/29/2016
3553,Phones,812.736,8,3/29/2016
3567,Binders,1577.94,3,9/7/2017
3568,Furnishings,15.008,4,9/9/2016
3573,Paper,5.184,1,6/29/2017
3582,Paper,104.85,1,10/1/2017
3583,Art,3.9,2,12/10/2015
3584,Tables,801.96,2,12/10/2015
3585,Chairs,191.96,2,12/10/2015
3586,Labels,2.61,1,12/10/2015
3592,Supplies,2.92,1,12/13/2014
3612,Accessories,58.416,2,11/29/2016
3615,Tables,718.116,6,11/19/2017
3616,Art,31.776,4,11/19/2017
3651,Accessories,104.88,6,12/9/2017
3652,Art,34.7,5,12/9/2017
3653,Binders,33.72,4,12/9/2017
3654,Paper,14.94,3,12/9/2017
3655,Appliances,638.73,9,8/31/2017
3662,Phones,377.97,3,6/13/2016
3707,Art,23.832,3,3/18/2017
3708,Furnishings,6.368,2,11/23/2014
3709,Appliances,34.176,3,11/23/2014
3710,Accessories,5.544,7,11/23/2014
3717,Fasteners,23.55,5,5/29/2017
3720,Art,33.4,5,9/17/2016
3723,Art,35.712,8,11/22/2017
3725,Art,7.056,3,4/3/2017
3739,Phones,10.9,1,12/9/2016
3740,Accessories,59.98,2,12/9/2016
3741,Appliances,61.929,1,12/9/2016
3756,Paper,42.784,7,3/3/2016
3757,Chairs,563.43,5,3/3/2016
3763,Bookcases,241.96,2,8/13/2016
3764,Binders,8.52,3,8/13/2016
3765,Binders,1.788,3,2/25/2017
3766,Tables,99.372,2,3/21/2016
3767,Art,1.344,1,3/21/2016
3768,Phones,119.96,5,12/8/2015
3781,Phones,273.96,2,11/16/2014
3788,Art,3.912,1,9/4/2016
3789,Art,62.376,3,9/4/2016
3790,Fasteners,29.05,5,4/17/2016
3813,Labels,25.06,2,3/5/2017
3814,Labels,19.824,6,11/5/2015
3827,Storage,107.44,10,10/7/2014
3828,Chairs,1458.65,5,5/7/2017
3829,Chairs,26.64,1,5/7/2017
3830,Chairs,476.8,2,5/7/2017
3831,Appliances,87.444,2,5/7/2017
3848,Storage,501.81,3,11/25/2017
3851,Paper,85.96,7,12/4/2015
3853,Binders,33.568,8,11/26/2017
3856,Binders,3.564,3,10/23/2017
3857,Phones,823.96,5,10/23/2017
3858,Art,10.272,3,10/23/2017
3860,Tables,480.96,3,2/17/2017
3861,Phones,124.792,1,2/17/2017
3865,Furnishings,151.96,5,11/28/2015
3867,Accessories,155.34,6,4/23/2017
3879,Storage,49.632,4,4/5/2014
3880,Storage,52.096,4,4/5/2014
3886,Binders,12.128,4,1/29/2017
3887,Phones,134.85,3,3/3/2016
3894,Accessories,279.944,7,11/10/2016
3895,Binders,9.98,5,11/22/2014
3897,Fasteners,3.552,3,12/7/2017
3898,Paper,15.552,3,12/7/2017
3899,Fasteners,2.368,2,11/30/2017
3901,Paper,10.368,2,1/3/2015
3912,Phones,470.376,3,6/5/2017
3922,Phones,359.976,3,6/28/2016
3923,Paper,25.344,6,8/28/2017
3924,Paper,26.72,5,8/28/2017
3929,Bookcases,241.332,5,3/14/2016
3930,Paper,5.184,1,3/14/2016
3931,Art,145.544,7,3/14/2016
3937,Envelopes,28.752,3,6/16/2015
3938,Paper,27.216,3,6/16/2015
3939,Chairs,197.372,2,6/16/2015
3940,Chairs,1424.9,5,12/10/2016
3948,Art,6.368,2,11/18/2016
3949,Labels,48.848,2,11/18/2016
3950,Paper,19.648,2,11/18/2016
3951,Chairs,255.108,6,11/18/2016
3955,Furnishings,5.47,1,4/4/2014
3956,Art,79.36,4,4/4/2014
3961,Binders,38.28,6,10/19/2015
3962,Phones,149.95,5,10/19/2015
3969,Binders,5.728,8,6/1/2015
3970,Paper,42.24,10,6/1/2015
3972,Art,79.36,4,2/22/2015
3995,Bookcases,512.94,3,3/8/2015
3996,Chairs,860.93,7,3/8/2015
3997,Phones,769.95,5,3/8/2015
3998,Art,14.98,1,3/8/2015
3999,Furnishings,373.08,6,3/8/2015
4003,Tables,637.896,3,3/3/2016
4004,Machines,287.91,3,3/3/2016
4005,Envelopes,36.6,3,3/3/2016
4013,Art,17.12,4,12/22/2015
4026,Paper,29.664,4,8/11/2017
4027,Art,9.184,7,8/11/2017
4028,Phones,153.584,2,8/11/2017
4029,Binders,12.864,8,8/11/2017
4037,Storage,24.816,2,12/28/2015
4046,Binders,9.156,3,4/2/2015
4047,Appliances,23.992,2,10/21/2017
4058,Storage,646.2,5,11/24/2014
4061,Accessories,68.112,3,11/1/2016
4070,Binders,13.14,9,8/28/2016
4071,Binders,10.024,4,8/28/2016
4072,Bookcases,156.3728,2,8/28/2016
4073,Copiers,999.98,2,12/6/2015
4074,Phones,821.94,6,9/24/2015
4077,Binders,7.04,2,12/19/2015
4078,Fasteners,5.04,4,12/19/2015
4079,Paper,116.28,3,12/19/2015
4083,Binders,182.994,3,6/24/2017
4084,Paper,10.272,3,6/24/2017
4097,Paper,32.4,5,9/23/2014
4098,Storage,404.9,5,9/23/2014
4099,Binders,9449.95,5,9/23/2014
4100,Binders,12.94,2,9/23/2014
4101,Appliances,2.264,1,6/19/2017
4102,Appliances,0.444,1,6/19/2017
4103,Paper,146.176,8,6/19/2017
4104,Furnishings,15.92,2,12/21/2017
4107,Binders,4.312,2,8/22/2016
4110,Phones,73.98,2,12/25/2015
4111,Bookcases,160.98,1,12/25/2015
4112,Paper,17.34,3,12/25/2015
4113,Art,3.28,1,12/25/2015
4114,Labels,8.856,3,5/2/2015
4115,Phones,158.376,3,5/2/2015
4131,Binders,14.48,5,11/18/2014
4139,Binders,6.924,6,12/30/2016
4142,Labels,18.9,3,6/13/2016
4143,Binders,57.42,9,5/19/2014
4148,Binders,9.762,3,10/23/2017
4149,Storage,13.72,1,10/23/2017
4150,Accessories,55.2,1,10/23/2017
4151,Storage,259.136,4,10/23/2017
4159,Paper,15.696,3,11/1/2014
4181,Binders,4.24,5,10/7/2017
4187,Binders,6.874,7,5/18/2017
4188,Binders,1.996,1,5/18/2017
4189,Storage,8.928,2,5/18/2017
4190,Paper,9.99,1,9/26/2016
4192,Paper,21.12,5,7/8/2015
4211,Paper,15.984,2,12/9/2017
4215,Binders,128.4,3,3/4/2016
4225,Binders,1.964,2,9/30/2016
4226,Furnishings,94.428,3,12/13/2014
4227,Fasteners,45.92,4,11/11/2017
4229,Paper,22.48,1,3/24/2016
4230,Furnishings,332.028,9,7/5/2017
4231,Binders,11.394,9,7/5/2017
4232,Paper,15.552,3,7/5/2017
4233,Paper,31.104,6,7/5/2017
4234,Binders,6.316,1,7/5/2017
4237,Binders,11.416,4,7/23/2016
4240,Paper,209.7,2,12/29/2017
4255,Paper,63.312,3,10/13/2017
4256,Binders,96.784,4,10/13/2017
4257,Furnishings,10.476,3,10/13/2017
4262,Accessories,63.96,4,8/7/2017
4265,Tables,863.128,8,11/5/2016
4266,Binders,3.564,3,11/5/2016
4267,Bookcases,956.6648,7,11/5/2016
4268,Binders,12.588,3,11/5/2016
4269,Accessories,171.96,5,11/5/2016
4276,Appliances,48.632,2,7/9/2015
4283,Labels,3.69,1,12/20/2014
4284,Binders,1103.97,3,12/20/2014
4285,Bookcases,246.1328,2,11/21/2015
4286,Labels,11.696,2,11/21/2015
4287,Copiers,439.992,1,11/21/2015
4289,Binders,33.28,5,5/17/2015
4290,Paper,14.088,3,5/17/2015
4304,Envelopes,59.752,7,10/4/2016
4341,Art,16.28,2,3/22/2014
4358,Paper,10.368,2,12/11/2017
4359,Furnishings,77.72,1,12/11/2017
4360,Chairs,520.464,2,12/11/2017
4363,Art,131.94,3,5/20/2017
4364,Art,25.92,4,5/20/2017
4365,Storage,704.76,4,5/20/2017
4366,Fasteners,7.41,3,5/20/2017
4367,Art,21.5,10,5/20/2017
4368,Fasteners,10.528,4,9/11/2017
4369,Paper,20.544,6,9/11/2017
4370,Binders,104.9,5,11/5/2016
4371,Art,39.68,2,11/5/2016
4372,Labels,51.75,5,11/5/2016
4373,Art,11.68,2,7/23/2017
4374,Accessories,159.75,5,7/23/2017
4383,Binders,2.88,5,7/20/2015
4384,Bookcases,384.944,4,7/20/2015
4385,Phones,153.584,2,7/20/2015
4386,Bookcases,913.43,5,7/20/2015
4393,Art,70.368,2,9/8/2016
4394,Phones,59.96,5,9/8/2016
4407,Paper,9.08,2,11/20/2016
4408,Paper,314.55,3,11/20/2016
4409,Binders,4.91,1,11/20/2016
4418,Binders,478.24,8,4/9/2017
4421,Supplies,40.92,5,11/17/2015
4429,Chairs,1805.88,6,3/21/2017
4436,Binders,2.182,1,5/3/2016
4437,Art,27.384,7,5/3/2016
4438,Appliances,26.406,3,5/3/2016
4439,Paper,10.368,2,12/27/2016
4440,Paper,23.68,4,12/27/2016
4441,Accessories,109.95,1,7/22/2016
4442,Storage,965.85,5,7/22/2016
4443,Art,29.2,5,7/22/2016
4444,Paper,32.4,5,7/22/2016
4445,Envelopes,78.35,5,11/16/2014
4446,Paper,31.68,6,11/16/2014
4447,Binders,29.12,4,11/16/2014
4448,Storage,169.45,5,11/16/2014
4478,Storage,333.09,3,10/22/2017
4479,Tables,248.98,2,10/22/2017
4488,Binders,16.27,5,9/5/2015
4489,Supplies,69.12,9,9/5/2015
4490,Binders,4.47,3,9/5/2015
4502,Paper,25.92,5,6/30/2014
4503,Fasteners,21.312,6,6/30/2014
4511,Furnishings,37.3,2,11/10/2016
4512,Binders,81.96,2,11/10/2016
4514,Storage,10.784,1,9/6/2016
4516,Art,36.44,4,10/22/2017
4521,Accessories,62.31,3,2/20/2014
4522,Furnishings,20.32,4,2/20/2014
4530,Binders,2.296,2,11/14/2016
4542,Binders,5.936,7,6/16/2017
4543,Envelopes,325.86,2,3/30/2017
4544,Chairs,383.607,9,7/12/2015
4545,Phones,148.48,2,7/12/2015
4546,Phones,537.544,7,7/12/2015
4547,Binders,1.928,2,7/12/2015
4548,Art,6.912,3,7/12/2015
4549,Furnishings,7.76,1,7/12/2015
4550,Phones,659.168,4,7/12/2015
4555,Binders,56.82,3,2/27/2016
4559,Envelopes,49.568,2,12/31/2014
4560,Chairs,127.869,3,5/5/2014
4569,Binders,10.476,6,11/8/2015
4571,Art,21.24,3,5/25/2015
4572,Binders,127.96,2,5/25/2015
4574,Phones,657.93,7,12/12/2016
4575,Furnishings,33.48,4,12/12/2016
4576,Art,13.9,5,12/12/2016
4577,Storage,26.86,2,12/12/2016
4598,Supplies,21.81,3,8/28/2017
4599,Appliances,91.6,5,8/28/2017
4615,Appliances,62.79,3,9/5/2016
4616,Fasteners,28.44,9,9/5/2016
4617,Accessories,134.376,3,9/4/2015
4631,Furnishings,17.14,2,10/15/2015
4656,Storage,45.248,2,5/5/2014
4669,Binders,11.06,10,5/6/2017
4670,Bookcases,623.4648,7,5/6/2017
4671,Storage,772.68,5,5/6/2017
4672,Appliances,283.14,4,7/31/2016
4673,Phones,635.96,4,7/31/2016
4674,Phones,118.99,1,7/31/2016
4675,Furnishings,272.94,3,7/31/2016
4688,Phones,440.91,9,6/24/2016
4695,Binders,29.52,4,12/17/2015
4696,Chairs,302.94,3,12/17/2015
4697,Chairs,142.36,2,12/17/2015
4698,Chairs,546.66,9,12/17/2015
4699,Furnishings,212.13,3,12/17/2015
4700,Art,5.248,2,5/11/2017
4701,Storage,74.416,2,5/11/2017
4702,Paper,6.848,2,5/11/2017
4703,Furnishings,7.996,1,5/11/2017
4704,Appliances,8.712,2,6/24/2016
4713,Paper,36.288,7,12/16/2014
4714,Furnishings,56.568,2,12/16/2014
4722,Tables,268.935,3,6/7/2014
4730,Accessories,15.576,3,7/18/2016
4744,Fasteners,7.9,2,3/5/2017
4745,Storage,221.16,4,3/5/2017
4746,Binders,127.96,2,3/5/2017
4747,Binders,18.69,3,3/5/2017
4754,Accessories,22.368,4,12/12/2015
4758,Binders,43.372,7,4/30/2017
4767,Accessories,113.52,5,3/9/2015
4768,Phones,359.88,3,3/9/2015
4773,Furnishings,6.464,1,11/23/2017
4774,Labels,11.52,5,11/23/2017
4775,Phones,222.384,2,11/23/2017
4781,Chairs,683.144,4,11/7/2014
4782,Binders,1.476,3,11/7/2014
4783,Supplies,40.712,7,11/7/2014
4784,Paper,279.9,5,1/28/2017
4810,Paper,195.64,4,12/27/2015
4811,Phones,239.9,2,12/27/2015
4821,Appliances,463.248,8,4/7/2015
4822,Accessories,383.952,6,4/7/2015
4831,Appliances,245.88,6,11/7/2014
4832,Storage,36.63,3,11/7/2014
4833,Storage,22.58,2,11/7/2014
4834,Binders,12.39,3,11/7/2014
4860,Art,10.192,7,12/15/2017
4862,Phones,758.352,6,4/11/2014
4872,Fasteners,1.824,2,5/23/2017
4873,Appliances,18.32,5,5/23/2017
4874,Storage,48.816,3,5/23/2017
4875,Binders,1.188,1,5/23/2017
4886,Paper,114.2,5,12/16/2014
4905,Chairs,674.058,3,12/1/2014
4917,Art,67.144,7,10/9/2017
4918,Chairs,254.058,3,10/9/2017
4921,Binders,2.296,2,8/19/2017
4927,Tables,91.275,1,10/19/2017
4944,Storage,375.34,1,12/21/2017
4952,Paper,12.96,2,6/9/2015
4958,Binders,2.512,2,3/20/2015
4959,Fasteners,18.864,9,3/20/2015
4980,Supplies,20.568,3,12/9/2016
4981,Appliances,4.356,2,12/9/2016
4982,Accessories,19.04,4,12/9/2016
4992,Binders,1889.99,5,12/7/2017
5006,Storage,714.3,5,11/10/2015
5025,Binders,33.48,2,7/29/2017
5026,Phones,461.97,3,7/29/2017
5027,Appliances,137.62,2,7/29/2017
5028,Chairs,302.67,3,7/29/2017
5029,Accessories,239.976,3,9/2/2014
5035,Bookcases,687.4,5,8/9/2015
5038,Accessories,239.96,5,11/17/2017
5049,Binders,8.134,7,3/31/2014
5050,Accessories,79.984,2,3/31/2014
5054,Accessories,398.4,5,1/3/2015
5055,Art,7.056,3,1/3/2015
5056,Bookcases,1352.3976,9,1/3/2015
5062,Binders,43.98,2,5/8/2015
5063,Phones,377.97,3,5/8/2015
5064,Furnishings,123.96,3,5/8/2015
5069,Copiers,549.99,1,8/8/2014
5070,Appliances,167.535,3,8/8/2014
5071,Envelopes,38.34,3,8/8/2014
5072,Furnishings,53.88,6,8/8/2014
5073,Phones,299.98,2,8/8/2014
5076,Tables,744.1,5,4/20/2014
5077,Storage,44.84,5,4/20/2014
5078,Tables,401.59,2,4/20/2014
5079,Binders,18.24,3,11/11/2017
5086,Binders,5.792,2,6/19/2015
5094,Appliances,14.016,4,12/6/2014
5095,Tables,214.95,5,12/6/2014
5096,Phones,35.04,4,12/6/2014
5097,Furnishings,10.776,3,12/6/2014
5098,Binders,4.6,2,12/6/2014
5099,Storage,35.168,2,12/6/2014
5101,Art,4.448,2,3/17/2014
5102,Paper,5.184,1,3/17/2014
5103,Paper,15.552,3,3/17/2014
5113,Furnishings,17.496,9,11/13/2015
5114,Paper,15.552,3,1/31/2016
5138,Furnishings,30.36,4,11/13/2016
5155,Binders,28.4,4,8/7/2015
5156,Furnishings,212.94,3,8/7/2015
5157,Phones,1001.584,2,6/30/2017
5158,Chairs,569.058,3,6/30/2017
5159,Furnishings,14.224,2,6/30/2017
5163,Chairs,301.96,2,11/18/2016
5165,Art,-15.5,2,11/10/2014
5166,Paper,12.84,3,11/10/2014
5167,Paper,15.84,3,11/10/2014
5168,Chairs,563.94,3,11/10/2014
5169,Storage,62.94,3,11/10/2014
5170,Storage,535.41,3,11/10/2014
5171,Chairs,3504.9,5,5/27/2016
5172,Paper,144.12,3,5/27/2016
5173,Paper,314.55,3,5/27/2016
5175,Binders,2.072,2,10/19/2017
5176,Bookcases,328.3992,3,10/19/2017
5188,Accessories,199.96,4,9/13/2015
5189,Chairs,1516.2,7,9/13/2015
5190,Accessories,167.952,6,11/14/2017
5191,Art,45.04,2,11/14/2017
5199,Supplies,3930.072,3,3/3/2016
5200,Fasteners,2.304,1,3/3/2016
5201,Phones,431.976,3,3/3/2016
5202,Accessories,41.72,7,3/3/2016
5217,Envelopes,17.48,2,9/9/2017
5220,Chairs,498.26,7,9/1/2017
5221,Bookcases,212.94,3,6/14/2014
5222,Appliances,706.86,7,5/18/2017
5223,Phones,114.95,5,5/18/2017
5224,Binders,43.19,7,5/18/2017
5236,Appliances,54.96,3,11/19/2016
5243,Binders,3.318,3,8/4/2017
5248,Appliances,20.768,8,5/21/2015
5257,Paper,10.56,2,8/8/2016
5261,Phones,196.776,3,9/7/2014
5262,Binders,2.92,2,9/7/2014
5263,Tables,200.795,1,9/7/2014
5264,Accessories,46.688,4,9/7/2014
5265,Art,,3,9/7/2014
5278,Chairs,340.116,6,9/13/2014
5280,Accessories,13.48,1,9/7/2017
5281,Storage,85.52,2,10/7/2017
5282,Furnishings,6.16,2,9/5/2015
5283,Paper,36.84,3,9/5/2015
5290,Paper,17.904,2,9/8/2014
5291,Chairs,966.7,5,9/8/2014
5292,Paper,182.112,6,9/8/2014
5295,Labels,50.4,8,8/15/2017
5296,Paper,89.568,2,3/4/2017
5304,Chairs,37.296,2,11/16/2014
5305,Furnishings,8.544,2,9/21/2014
5309,Chairs,191.058,3,11/19/2017
5310,Art,13.04,5,11/19/2017
5311,Binders,1525.188,6,11/19/2017
5324,Paper,15.96,2,9/18/2017
5329,Phones,31.92,2,3/5/2015
5343,Envelopes,1.632,1,11/21/2014
5344,Phones,267.96,5,11/21/2014
5349,Binders,32.34,3,1/4/2015
5350,Paper,39.9,5,1/4/2015
5351,Paper,143.856,9,12/9/2017
5352,Paper,41.92,4,9/6/2016
5353,Phones,329.584,2,9/6/2016
5362,Storage,720.76,5,6/9/2017
5363,Furnishings,70.56,6,12/29/2016
5364,Appliances,81.96,2,12/29/2016
5366,Phones,151.192,1,11/20/2016
5371,Furnishings,273.96,2,4/8/2017
5372,Furnishings,306.9,3,4/8/2017
5373,Paper,15.552,3,10/24/2015
5374,Tables,347.361,7,10/24/2015
5375,Paper,10.368,2,10/24/2015
5382,Paper,25.92,5,9/5/2016
5383,Fasteners,15.808,8,9/5/2016
5384,Paper,10.368,2,9/5/2016
5414,Phones,224.75,5,9/11/2016
5415,Appliances,73.176,6,9/23/2017
5416,Paper,20.736,4,9/23/2017
5417,Phones,39.984,2,9/23/2017
5418,Binders,15.36,2,10/6/2014
5419,Paper,36.288,7,10/23/2015
5420,Phones,150.384,2,10/23/2015
5446,Envelopes,20.936,1,7/25/2016
5449,Supplies,357.93,3,9/12/2014
5450,Accessories,57.4,5,9/12/2014
5451,Binders,331.96,2,9/12/2014
5452,Furnishings,40.56,2,9/12/2014
5454,Paper,38.016,6,5/19/2017
5467,Paper,16.176,3,2/14/2014
5475,Storage,750.68,2,12/26/2017
5476,Labels,44.4,3,6/15/2017
5477,Storage,84.55,5,6/15/2017
5478,Paper,17.94,3,6/15/2017
5487,Binders,3.592,4,10/24/2015
5492,Storage,18.16,2,1/26/2017
5510,Paper,56.704,2,5/15/2017
5511,Phones,11.12,2,5/15/2017
5530,Paper,115.296,3,8/6/2017
5531,Phones,2479.96,4,12/2/2017
5539,Binders,17.43,3,4/13/2015
5540,Chairs,181.986,2,5/22/2017
5541,Binders,1.592,2,5/22/2017
5542,Supplies,22.344,3,5/22/2017
5551,Art,2.672,1,11/12/2014
5552,Supplies,16.656,6,11/12/2014
5553,Accessories,79.512,3,11/12/2014
5554,Paper,36.288,7,11/12/2014
5555,Bookcases,67.9932,1,11/12/2014
5565,Art,19.456,4,3/13/2017
5566,Machines,209.986,2,3/13/2017
5567,Art,29.76,5,3/13/2017
5568,Chairs,89.768,1,3/13/2017
5569,Copiers,959.984,2,3/13/2017
5570,Paper,15.552,3,3/13/2017
5571,Phones,34.36,1,3/13/2017
5603,Storage,14.16,1,8/27/2016
5604,Paper,79.92,5,8/27/2016
5620,Accessories,499.95,5,9/25/2016
5621,Art,3.04,1,9/25/2016
5622,Chairs,201.96,2,9/25/2016
5623,Furnishings,68.64,11,9/25/2016
5635,Binders,152.8,5,12/5/2015
5638,Furnishings,60.84,3,3/26/2017
5673,Envelopes,15.84,2,10/27/2017
5674,Paper,8.448,2,10/27/2017
5678,Furnishings,38.976,3,12/29/2014
5679,Fasteners,20.44,7,7/28/2016
5680,Paper,109.92,2,7/28/2016
5681,Binders,6.38,1,9/24/2016
5682,Paper,6.48,1,9/24/2016
5690,Chairs,275.058,3,12/26/2015
5697,Binders,27.396,9,10/14/2017
5698,Binders,13.456,1,10/14/2017
5699,Labels,11.84,1,11/5/2016
5713,Phones,36.792,1,7/31/2017
5716,Accessories,619.95,5,10/9/2015
5717,Phones,29.16,3,10/9/2015
5718,Envelopes,57.96,7,10/9/2015
5719,Appliances,29.403,3,10/9/2015
5720,Storage,81.4,5,3/29/2017
5725,Storage,331.536,3,9/22/2014
5727,Phones,946.344,7,5/4/2015
5728,Accessories,178.11,3,12/8/2017
5729,Appliances,1089.75,3,12/8/2017
5730,Labels,61.06,2,12/8/2017
5731,Bookcases,459.92,4,12/8/2017
5732,Paper,27.52,4,12/8/2017
5751,Tables,355.455,3,5/30/2014
5756,Appliances,3.16,4,10/14/2014
5757,Copiers,1999.96,5,10/14/2014
5767,Labels,60.144,6,10/8/2016
5768,Accessories,85.2,6,9/8/2017
5773,Copiers,599.99,1,11/26/2015
5774,Storage,23.968,2,8/31/2016
5800,Chairs,421.372,2,8/20/2014
5801,Phones,575.968,4,7/11/2014
5802,Paper,10.368,2,7/11/2014
5805,Storage,61.792,4,11/13/2017
5806,Bookcases,205.9992,3,11/13/2017
5830,Tables,581.96,2,12/3/2016
5831,Chairs,29.98,1,12/3/2016
5849,Appliances,715.64,2,11/10/2015
5850,Storage,795.51,3,11/10/2015
5851,Copiers,549.99,1,11/10/2015
5852,Binders,74.76,3,11/10/2015
5853,Furnishings,29.22,3,11/10/2015
5855,Storage,33.488,7,8/5/2015
5856,Supplies,23.04,3,8/5/2015
5857,Binders,1.362,1,8/5/2015
5858,Furnishings,14.76,5,8/5/2015
5872,Furnishings,127.95,3,9/24/2016
5891,Paper,38.432,1,11/21/2016
5892,Storage,21.568,2,11/21/2016
5893,Accessories,81.576,3,11/21/2016
5898,Furnishings,71.12,4,4/3/2016
5899,Phones,259.96,4,4/3/2016
5939,Phones,95.992,1,5/19/2017
5940,Labels,13.216,4,5/19/2017
5948,Binders,25.9,5,9/14/2015
5953,Paper,20.736,4,4/15/2017
5976,Storage,360.38,2,7/13/2017
5977,Paper,13.56,2,7/13/2017
5979,Tables,429.9,5,9/7/2014
5980,Binders,32.06,2,9/7/2014
5981,Chairs,161.96,2,9/7/2014
5982,Storage,19.86,2,9/7/2014
6023,Envelopes,7.08,3,11/17/2014
6035,Appliances,19.568,2,4/19/2015
6036,Binders,310.392,4,4/19/2015
6047,Tables,692.94,3,6/9/2016
6050,Paper,173.488,7,6/15/2016
6051,Art,57.75,5,4/25/2015
6052,Appliances,272.4,5,4/25/2015
6056,Binders,2.068,1,8/18/2016
6057,Paper,83.84,8,8/18/2016
6072,Storage,152.688,2,12/31/2015
6073,Fasteners,3.488,2,12/31/2015
6074,Supplies,5.888,2,12/31/2015
6081,Storage,151.056,9,8/5/2017
6082,Furnishings,25.16,5,2/18/2014
6083,Binders,6.216,6,11/22/2016
6084,Art,23.616,9,11/22/2016
6085,Accessories,24.032,2,11/22/2016
6086,Labels,2.088,1,11/22/2016
6087,Binders,4.488,6,11/22/2016
6107,Appliances,19.432,2,12/20/2014
6108,Accessories,65.44,5,12/20/2014
6109,Labels,6.0,2,9/11/2016
6110,Binders,1.908,3,9/11/2016
6123,Storage,61.568,2,12/4/2017
6124,Paper,20.96,4,8/31/2015
6136,Accessories,27.696,3,10/18/2015
6137,Appliances,73.164,6,10/18/2015
6145,Paper,20.07,3,6/27/2017
6158,Envelopes,81.54,3,8/3/2016
6159,Accessories,167.28,12,8/3/2016
6168,Paper,117.456,3,4/20/2015
6173,Binders,26.7,5,8/2/2014
6174,Accessories,21.2,2,8/2/2014
6175,Storage,838.38,2,8/2/2014
6190,Phones,383.84,4,4/4/2017
6193,Paper,25.92,5,12/22/2017
6194,Binders,6.33,5,12/22/2017
6195,Paper,75.88,5,12/22/2017
6198,Paper,63.77,7,11/13/2015
6199,Phones,50.97,3,11/13/2015
6200,Paper,96.08,2,11/13/2015
6201,Copiers,1439.968,4,4/16/2015
6202,Accessories,43.56,3,4/16/2015
6206,Paper,51.016,7,10/20/2016
6207,Fasteners,25.248,4,10/20/2016
6208,Chairs,56.686,1,10/20/2016
6219,Phones,125.7,6,10/20/2016
6220,Phones,191.98,2,10/20/2016
6221,Storage,20.86,7,10/20/2016
6228,Phones,88.776,3,11/2/2014
6231,Art,30.32,4,7/11/2017
6248,Binders,43.41,1,5/29/2017
6249,Furnishings,6.24,3,5/29/2017
6250,Appliances,465.16,2,5/29/2017
6251,Paper,7.98,1,5/29/2017
6252,Appliances,2.394,1,12/2/2014
6256,Labels,9.856,4,9/9/2017
6260,Binders,11.36,4,8/13/2015
6263,Binders,442.372,7,9/24/2016
6265,Binders,28.85,5,10/6/2016
6273,Accessories,116.312,7,12/11/2017
6301,Binders,24.588,3,6/6/2014
6302,Envelopes,13.984,2,6/6/2014
6303,Phones,195.96,5,11/23/2017
6304,Paper,74.352,3,6/18/2017
6315,Art,151.92,4,11/24/2014
6316,Labels,196.62,2,11/24/2014
6317,Paper,144.12,3,11/24/2014
6318,Paper,15.96,2,11/24/2014
6323,Envelopes,15.28,2,6/3/2014
6327,Storage,13.98,1,1/20/2014
6328,Furnishings,272.94,3,1/20/2014
6329,Binders,19.05,5,1/20/2014
6330,Appliances,247.716,4,1/20/2014
6331,Storage,66.58,2,1/20/2014
6332,Art,,3,1/20/2014
6333,Furnishings,14.73,3,1/20/2014
6334,Binders,29.7,5,1/20/2014
6351,Furnishings,108.4,5,9/3/2017
6370,Furnishings,38.08,5,10/3/2016
6384,Binders,32.784,4,1/15/2017
6385,Accessories,47.984,2,1/15/2017
6386,Accessories,62.592,8,1/15/2017
6387,Binders,4.276,1,1/15/2017
6388,Paper,10.56,2,1/30/2014
6389,Storage,229.94,2,1/30/2014
6398,Art,5.248,2,10/31/2017
6408,Chairs,899.43,5,5/14/2017
6409,Art,46.2,5,5/14/2017
6410,Paper,47.952,3,5/14/2017
6411,Phones,7.992,1,5/14/2017
6412,Paper,76.864,2,5/14/2017
6419,Supplies,21.96,2,10/31/2016
6420,Chairs,368.97,3,10/31/2016
6421,Art,12.39,3,10/31/2016
6422,Storage,332.94,3,10/31/2016
6434,Paper,23.52,5,3/30/2015
6435,Phones,180.96,5,3/30/2015
6439,Tables,974.988,4,12/14/2017
6446,Fasteners,7.104,6,3/5/2015
6447,Furnishings,103.5,5,3/4/2017
6448,Labels,2.464,1,3/4/2017
6449,Storage,8.72,1,3/4/2017
6453,Phones,158.376,3,12/19/2015
6454,Art,3.44,2,10/8/2015
6471,Phones,131.98,2,8/29/2015
6472,Accessories,114.52,7,8/29/2015
6473,Labels,100.24,10,6/6/2014
6495,Accessories,24.0,2,10/28/2017
6496,Paper,15.552,3,10/28/2017
6497,Accessories,26.176,2,10/28/2017
6506,Art,5.304,3,6/26/2016
6521,Binders,5443.96,4,1/16/2017
6522,Chairs,302.67,3,1/16/2017
6523,Paper,56.07,7,1/16/2017
6530,Labels,6.936,3,2/23/2014
6531,Binders,4.428,3,2/23/2014
6532,Art,8.8,5,12/4/2017
6533,Accessories,142.8,1,12/4/2017
6534,Accessories,399.95,5,12/4/2017
6548,Chairs,634.116,6,3/1/2014
6549,Paper,17.472,3,3/1/2014
6550,Chairs,155.88,6,7/30/2015
6554,Accessories,319.968,4,10/20/2014
6555,Storage,505.32,3,10/20/2014
6556,Paper,3.808,1,10/20/2014
6557,Binders,8.682,1,10/20/2014
6558,Labels,24.424,1,10/20/2014
6562,Appliances,33.62,5,3/31/2017
6567,Binders,243.992,4,2/5/2017
6568,Art,7.12,5,2/5/2017
6569,Art,2.688,2,4/18/2014
6570,Chairs,317.058,3,4/18/2014
6571,Envelopes,149.352,3,4/18/2014
6572,Accessories,227.976,3,4/18/2014
6595,Art,125.93,7,5/4/2015
6619,Paper,32.4,5,1/13/2017
6620,Art,209.94,6,1/13/2017
6621,Supplies,4164.05,5,1/13/2017
6622,Bookcases,212.94,3,1/13/2017
6625,Tables,102.438,1,1/19/2015
6626,Chairs,199.304,4,1/19/2015
6633,Appliances,54.48,1,5/6/2016
6641,Binders,125.88,6,8/5/2017
6642,Accessories,79.78,2,8/5/2017
6643,Labels,133.2,9,8/5/2017
6649,Binders,42.616,7,9/8/2017
6650,Copiers,319.984,2,9/8/2017
6651,Fasteners,45.92,5,9/8/2017
6652,Furnishings,21.184,2,9/8/2017
6653,Paper,20.736,4,9/8/2017
6654,Chairs,213.43,5,9/8/2017
6666,Paper,219.84,5,7/14/2016
6675,Art,10.92,6,11/21/2015
6676,Machines,83.9,2,11/21/2015
6677,Appliances,19.75,5,11/21/2015
6678,Accessories,393.54,3,11/21/2015
6683,Binders,3.6,2,1/1/2017
6685,Storage,180.016,1,12/17/2015
6686,Furnishings,41.552,2,12/17/2015
6687,Art,13.12,5,12/17/2015
6690,Art,12.16,5,12/2/2017
6691,Binders,17.52,4,7/31/2017
6692,Appliances,155.88,6,7/31/2017
6695,Accessories,47.97,3,8/26/2016
6713,Furnishings,266.352,6,12/14/2017
6714,Furnishings,56.328,3,12/14/2017
6715,Accessories,39.264,3,12/14/2017
6716,Art,95.232,6,12/14/2017
6728,Paper,177.2,5,8/10/2017
6740,Storage,102.624,3,5/26/2014
6741,Chairs,359.772,2,5/26/2014
6742,Art,13.392,3,5/26/2014
6763,Labels,29.24,5,9/2/2016
6764,Storage,35.168,2,9/2/2016
6765,Machines,1362.9,3,9/2/2016
6766,Chairs,317.058,3,4/20/2017
6767,Art,15.76,2,4/20/2017
6768,Furnishings,14.56,5,4/20/2017
6777,Storage,93.456,3,9/5/2016
6794,Storage,21.488,2,11/16/2015
6795,Phones,239.976,3,11/16/2015
6796,Furnishings,34.504,2,11/16/2015
6797,Furnishings,20.104,2,8/25/2015
6798,Binders,3.798,1,8/25/2015
6799,Furnishings,7.88,5,8/25/2015
6808,Paper,98.376,3,3/31/2015
6809,Furnishings,22.38,3,3/31/2015
6819,Binders,1.68,5,12/28/2017
6820,Furnishings,7.968,3,12/28/2017
6821,Chairs,113.372,2,12/28/2017
6822,Furnishings,2.96,2,12/28/2017
6826,Storage,32.48,2,10/2/2016
6827,Copiers,17499.95,5,10/2/2016
6828,Binders,735.98,2,10/2/2016
6829,Binders,34.37,7,10/2/2016
6830,Art,33.96,2,10/2/2016
6833,Art,8.016,3,10/10/2015
6849,Paper,76.864,2,6/18/2016
6851,Bookcases,1565.88,6,1/8/2016
6852,Binders,106.05,7,1/8/2016
6864,Paper,10.368,2,12/1/2017
6872,Labels,11.952,3,12/5/2016
6874,Binders,10.78,5,10/17/2014
6875,Accessories,119.976,3,10/17/2014
6878,Furnishings,131.376,6,10/15/2015
6879,Paper,5.344,1,10/15/2015
6885,Chairs,2567.84,8,5/31/2015
6899,Chairs,602.651,7,5/24/2015
6900,Binders,7.656,6,5/24/2015
6903,Fasteners,16.0,4,9/2/2017
6904,Appliances,5.588,2,9/2/2017
6905,Storage,235.92,5,9/2/2017
6907,Binders,41.28,2,5/20/2017
6915,Storage,132.16,1,12/22/2014
6916,Binders,17.904,6,12/22/2014
6917,Paper,124.032,4,12/22/2014
6936,Accessories,95.976,3,11/30/2017
6937,Furnishings,84.272,2,9/2/2016
6938,Paper,-15.5,2,6/15/2014
6948,Storage,221.024,2,4/25/2015
6949,Chairs,128.058,3,4/25/2015
6952,Machines,479.988,2,11/20/2015
6975,Art,31.744,2,9/15/2017
6983,Binders,24.1,5,9/1/2016
6984,Phones,8.78,1,9/1/2016
6985,Appliances,376.74,4,9/1/2016
6986,Binders,29.52,4,9/1/2016
6987,Art,11.96,2,9/1/2016
6988,Binders,26.4,5,9/1/2016
6990,Appliances,1.392,2,12/11/2017
6997,Binders,13.84,4,12/23/2017
6998,Paper,175.872,4,12/23/2017
7002,Chairs,366.744,4,3/30/2015
7005,Paper,5.184,1,12/23/2014
7007,Furnishings,8.544,2,12/15/2014
7029,Paper,33.9,5,12/20/2016
7046,Paper,9.248,2,11/3/2016
7068,Binders,1.964,2,5/21/2016
7069,Paper,82.656,9,5/21/2016
7071,Paper,9.248,2,9/5/2016
7072,Art,4.448,2,7/23/2016
7073,Paper,5.184,1,7/23/2016
7074,Art,175.92,5,7/23/2016
7075,Binders,4.752,4,7/23/2016
7076,Supplies,13.344,2,7/23/2016
7095,Accessories,479.952,6,2/9/2015
7102,Paper,19.648,2,8/1/2016
7132,Tables,257.94,3,11/26/2017
7133,Phones,1879.96,4,11/26/2017
7134,Furnishings,27.46,2,11/26/2017
7135,Phones,89.98,2,11/26/2017
7136,Chairs,828.6,3,11/26/2017
7141,Accessories,113.52,4,9/7/2017
7142,Furnishings,135.3,5,9/7/2017
7150,Phones,971.88,3,6/26/2015
7154,Appliances,53.088,7,12/10/2015
7160,Phones,222.384,2,5/13/2015
7161,Fasteners,16.0,4,5/13/2015
7173,Accessories,143.96,5,3/26/2017
7174,Copiers,2399.96,5,3/26/2017
7175,Paper,74.352,3,3/26/2017
7176,Appliances,87.168,8,3/26/2017
7177,Storage,32.232,3,3/26/2017
7185,Supplies,5.552,2,8/17/2017
7186,Art,8.016,3,8/17/2017
7187,Chairs,74.592,4,8/17/2017
7188,Furnishings,16.784,2,8/17/2017
7189,Appliances,38.864,4,8/17/2017
7204,Furnishings,8.736,3,12/29/2014
7215,Art,16.4,5,9/27/2015
7216,Paper,25.92,4,9/27/2015
7223,Accessories,40.68,3,9/2/2017
7253,Paper,68.52,3,9/12/2016
7254,Appliances,364.74,3,5/30/2016
7255,Furnishings,47.4,5,5/30/2016
7256,Storage,49.76,4,5/30/2016
7257,Art,5.56,2,5/30/2016
7258,Paper,629.1,6,5/30/2016
7259,Art,14.7,5,5/30/2016
7260,Paper,45.36,7,5/30/2016
7261,Phones,125.99,1,5/30/2016
7266,Chairs,155.372,2,11/23/2014
7283,Binders,3.036,3,6/22/2017
7287,Accessories,6.9,1,6/20/2016
7288,Furnishings,57.69,3,6/20/2016
7289,Machines,559.71,3,9/2/2014
7296,Art,37.84,2,5/4/2014
7297,Fasteners,5.472,6,5/4/2014
7299,Tables,292.1,4,11/18/2014
7300,Furnishings,8.544,2,11/18/2014
7301,Bookcases,424.116,6,11/18/2014
7302,Binders,2.892,3,11/18/2014
7303,Storage,381.72,5,11/18/2014
7306,Tables,890.841,3,3/29/2014
7311,Binders,64.75,5,8/10/2015
7315,Phones,286.4,1,5/28/2016
7322,Paper,8.904,3,9/3/2017
7323,Accessories,100.8,2,9/3/2017
7331,Furnishings,22.752,6,11/12/2016
7349,Appliances,176.772,3,3/3/2014
7350,Binders,38.82,6,10/21/2017
7351,Binders,21.9,5,10/21/2017
7356,Binders,116.4,8,12/31/2015
7371,Phones,257.98,2,10/28/2014
7377,Art,54.336,4,11/2/2017
7380,Storage,40.74,3,9/13/2016
7381,Labels,14.4,5,9/13/2016
7382,Phones,149.95,5,9/13/2016
7383,Supplies,16.9,2,9/13/2016
7384,Paper,17.61,3,9/13/2016
7385,Appliances,378.0,2,9/13/2016
7386,Paper,17.64,3,9/13/2016
7387,Storage,373.08,6,9/13/2016
7388,Furnishings,1336.44,14,9/13/2016
7389,Phones,29.97,3,9/13/2016
7399,Paper,35.856,9,7/12/2014
7400,Accessories,23.84,4,7/12/2014
7408,Labels,11.52,5,1/20/2017
7426,Chairs,85.246,2,6/25/2016
7427,Furnishings,32.712,2,6/25/2016
7443,Paper,10.688,2,12/9/2014
7444,Storage,237.096,3,12/9/2014
7445,Paper,5.184,1,2/3/2017
7446,Paper,65.584,2,2/3/2017
7447,Furnishings,22.2,1,2/3/2017
7448,Paper,419.4,5,2/3/2017
7450,Art,9.912,3,9/17/2017
7451,Chairs,318.43,5,9/17/2017
7452,Binders,5.8,5,9/17/2017
7453,Phones,1415.76,6,9/17/2017
7454,Phones,148.48,2,6/25/2017
7455,Labels,9.248,4,7/30/2016
7456,Storage,1036.624,2,7/30/2016
7474,Art,13.568,4,4/10/2016
7485,Art,2.48,1,12/28/2017
7486,Binders,25.9,5,12/28/2017
7493,Paper,10.272,3,9/11/2017
7494,Tables,512.19,5,9/11/2017
7495,Appliances,1.556,2,9/11/2017
7506,Binders,12.176,4,6/8/2017
7537,Furnishings,13.592,2,12/3/2017
7546,Phones,719.952,6,10/10/2014
7547,Phones,755.944,7,10/10/2014
7548,Binders,11.98,5,10/10/2014
7549,Binders,0.898,1,10/10/2014
7550,Furnishings,21.204,3,9/5/2016
7557,Paper,158.28,6,11/27/2017
7558,Binders,497.94,3,11/27/2017
7563,Bookcases,198.744,4,9/3/2016
7567,Accessories,47.976,3,4/21/2017
7568,Paper,20.736,4,4/21/2017
7579,Chairs,563.94,3,12/18/2016
7590,Art,128.744,7,9/25/2015
7595,Binders,146.86,7,4/20/2017
7596,Binders,36.56,4,4/20/2017
7605,Furnishings,25.176,3,5/27/2016
7606,Furnishings,5.584,2,5/27/2016
7607,Storage,1297.368,9,5/27/2016
7608,Storage,264.32,2,12/24/2017
7612,Paper,9.54,2,2/8/2015
7613,Fasteners,5.81,1,2/8/2015
7614,Art,5.76,2,2/8/2015
7625,Appliances,850.5,5,5/23/2015
7626,Furnishings,75.33,9,5/23/2015
7630,Envelopes,335.72,5,3/30/2014
7631,Phones,251.944,7,3/30/2014
7632,Chairs,127.302,7,3/30/2014
7652,Accessories,119.448,3,8/7/2017
7653,Storage,118.16,2,8/7/2017
7660,Binders,53.9,5,6/1/2017
7661,Furnishings,76.728,3,1/7/2014
7662,Binders,10.43,7,1/7/2014
7683,Appliances,186.732,1,4/28/2015
7684,Binders,3812.97,3,4/28/2015
7687,Tables,1568.61,9,11/25/2016
7688,Binders,17.3,1,11/25/2016
7689,Accessories,160.0,8,11/25/2016
7696,Paper,163.96,5,7/2/2017
7697,Binders,5.232,4,7/2/2017
7703,Paper,11.56,2,8/26/2016
7704,Phones,209.97,3,8/26/2016
7705,Tables,447.84,4,8/26/2016
7706,Accessories,479.97,3,8/26/2016
7707,Art,8.64,3,8/26/2016
7724,Chairs,179.886,1,9/10/2015
7729,Art,17.856,4,11/26/2016
7732,Envelopes,114.848,4,9/18/2017
7733,Paper,10.688,2,6/2/2017
7747,Accessories,25.488,2,12/19/2015
7760,Paper,15.552,3,10/24/2016
7762,Paper,10.368,2,12/3/2017
7782,Binders,8.568,3,3/8/2015
7787,Binders,2.89,1,5/17/2016
7788,Fasteners,7.896,3,5/17/2016
7789,Furnishings,22.608,3,5/17/2016
7790,Paper,30.528,8,5/17/2016
7792,Binders,1.8,5,12/19/2016
7793,Accessories,39.984,2,10/12/2017
7796,Phones,307.168,4,7/12/2015
7827,Phones,508.768,4,10/31/2017
7828,Envelopes,9.912,3,10/31/2017
7833,Phones,19.136,2,5/9/2016
7840,Envelopes,6.12,3,3/28/2014
7841,Tables,1184.72,4,3/28/2014
7845,Tables,124.404,4,7/21/2017
7848,Furnishings,16.192,2,2/27/2016
7849,Storage,18.936,3,5/2/2016
7850,Storage,12.672,3,5/2/2016
7851,Labels,5.04,2,5/2/2016
7852,Paper,8.448,2,12/9/2014
7853,Appliances,20.388,2,12/9/2014
7879,Furnishings,242.176,4,11/29/2016
7905,Paper,76.64,2,11/7/2015
7906,Envelopes,4.464,1,10/15/2015
7907,Binders,3.96,10,10/15/2015
7913,Furnishings,30.344,2,4/28/2016
7918,Art,30.384,1,9/4/2017
7930,Tables,298.116,6,7/25/2017
7943,Binders,39.582,9,12/25/2017
7944,Supplies,44.688,7,12/25/2017
7945,Art,31.744,2,12/25/2017
7946,Binders,40.98,5,12/25/2017
7947,Binders,3.168,3,12/25/2017
7948,Fasteners,18.84,5,3/1/2014
7949,Chairs,362.25,6,3/1/2014
7950,Furnishings,63.552,6,3/1/2014
7951,Storage,129.552,3,3/1/2014
7981,Paper,16.448,2,1/3/2014
7984,Fasteners,15.12,5,1/22/2017
7985,Art,7.872,3,1/22/2017
7988,Labels,25.2,4,8/23/2016
7989,Labels,37.59,3,8/23/2016
7990,Storage,14.97,1,8/23/2016
7991,Accessories,1.98,2,8/23/2016
8001,Phones,263.96,4,11/8/2015
8008,Storage,541.24,4,11/17/2015
8009,Paper,106.32,3,11/17/2015
8010,Chairs,1323.9,5,11/17/2015
8020,Appliances,83.9,10,11/2/2017
8021,Paper,11.76,2,11/2/2017
8022,Appliances,4.992,3,7/21/2014
8023,Envelopes,87.92,5,7/21/2014
8024,Chairs,657.93,5,7/21/2014
8025,Binders,1.044,1,7/21/2014
8030,Accessories,106.08,6,10/21/2016
8031,Furnishings,23.076,3,1/7/2016
8032,Paper,25.92,5,1/7/2016
8033,Paper,47.952,3,6/25/2015
8034,Binders,0.984,2,6/25/2015
8035,Furnishings,75.384,9,6/25/2015
8036,Labels,4.608,2,6/25/2015
8070,Storage,454.56,5,1/1/2017
8071,Furnishings,141.42,5,1/1/2017
8072,Chairs,310.744,4,1/1/2017
8073,Art,12.736,4,1/1/2017
8074,Binders,6.47,5,1/1/2017
8075,Binders,13.748,14,1/1/2017
8076,Appliances,15.224,2,1/1/2017
8106,Bookcases,89.0664,1,2/17/2017
8107,Art,175.44,6,2/17/2017
8108,Phones,438.336,4,2/17/2017
8110,Envelopes,55.584,6,11/18/2017
8111,Chairs,127.386,2,11/18/2017
8112,Chairs,248.43,5,12/1/2016
8113,Appliances,11.648,4,12/1/2016
8114,Chairs,85.246,2,12/1/2016
8115,Art,20.64,5,10/3/2017
8117,Storage,33.29,1,11/24/2017
8119,Chairs,526.344,4,7/22/2017
8126,Binders,2.934,3,2/6/2015
8127,Accessories,18.528,2,2/6/2015
8128,Storage,670.752,3,2/6/2015
8129,Furnishings,64.96,5,8/26/2017
8134,Furnishings,72.78,3,10/8/2015
8146,Appliances,471.9,6,6/20/2014
8147,Art,3.52,2,6/20/2014
8150,Binders,10.68,2,1/26/2014
8151,Bookcases,141.96,2,1/26/2014
8159,Paper,16.032,3,12/26/2017
8176,Paper,156.512,4,1/30/2016
8183,Furnishings,22.608,3,5/18/2017
8184,Furnishings,1.892,1,5/18/2017
8185,Paper,63.312,3,7/23/2017
8186,Envelopes,7.824,1,9/13/2015
8187,Chairs,170.072,4,9/13/2015
8200,Binders,10.43,5,4/24/2017
8201,Storage,72.784,1,4/24/2017
8212,Furnishings,44.46,5,11/7/2016
8213,Storage,314.088,3,11/7/2016
8218,Fasteners,4.344,3,10/3/2014
8219,Furnishings,31.776,3,10/3/2014
8220,Labels,,2,10/3/2014
8221,Binders,1.788,3,10/3/2014
8222,Fasteners,15.072,4,10/3/2014
8223,Storage,12.624,2,2/18/2014
8247,Appliances,70.97,5,5/10/2015
8248,Art,36.784,2,5/10/2015
8250,Binders,11.212,2,3/5/2015
8251,Furnishings,4.712,2,3/5/2015
8252,Appliances,180.98,5,3/5/2015
8253,Storage,60.416,2,3/5/2015
8260,Paper,368.91,9,6/26/2016
8261,Binders,8.02,1,6/26/2016
8262,Storage,171.04,4,6/26/2016
8268,Tables,69.375,1,1/30/2017
8269,Supplies,31.68,4,1/30/2017
8270,Phones,2003.168,4,1/30/2017
8271,Art,9.344,2,1/30/2017
8283,Machines,600.53,2,12/21/2015
8284,Art,59.904,2,12/21/2015
8285,Accessories,637.44,8,12/21/2015
8286,Furnishings,51.756,3,12/21/2015
8301,Envelopes,180.96,2,4/20/2015
8306,Paper,32.4,5,8/11/2016
8307,Binders,41.86,7,8/11/2016
8308,Binders,77.56,2,8/11/2016
8310,Storage,137.352,3,3/1/2014
8311,Tables,376.509,3,3/1/2014
8314,Chairs,512.358,3,7/12/2014
8315,Fasteners,3.488,2,7/12/2014
8316,Art,22.288,7,7/12/2014
8317,Paper,16.032,3,7/12/2014
8321,Art,45.04,2,12/5/2015
8322,Binders,15.624,2,9/26/2016
8327,Binders,2.864,4,7/21/2017
8328,Binders,94.192,7,7/21/2017
8361,Art,31.744,2,1/2/2017
8362,Appliances,5.432,2,1/2/2017
8363,Tables,913.43,5,1/2/2017
8364,Storage,372.144,3,1/2/2017
8372,Binders,4.984,1,12/27/2014
8378,Storage,64.784,1,11/12/2015
8379,Paper,15.552,3,11/12/2015
8380,Envelopes,223.888,7,11/12/2015
8381,Paper,10.896,3,9/9/2014
8383,Chairs,241.5,4,2/8/2016
8398,Binders,7.68,5,9/3/2014
8413,Tables,,4,3/10/2017
8414,Paper,51.84,10,12/17/2016
8415,Accessories,165.6,3,12/17/2016
8416,Paper,106.32,3,4/6/2017
8428,Supplies,4.36,2,11/23/2017
8431,Storage,129.3,2,3/30/2014
8433,Fasteners,6.048,4,9/14/2014
8434,Paper,6.848,2,9/14/2014
8435,Furnishings,9.96,5,9/14/2014
8436,Binders,8.552,2,9/14/2014
8440,Phones,49.616,2,3/14/2017
8453,Chairs,344.372,4,4/18/2016
8454,Storage,1554.936,3,4/18/2016
8455,Furnishings,127.88,5,4/18/2016
8457,Chairs,106.869,3,5/28/2017
8458,Binders,3.564,3,5/28/2017
8459,Binders,25.68,3,8/25/2014
8460,Binders,12.384,3,8/25/2014
8463,Labels,7.5,2,9/3/2015
8469,Tables,2678.94,6,11/11/2016
8481,Phones,35.98,2,7/21/2014
8484,Binders,83.7,5,9/20/2016
8493,Paper,60.736,8,10/23/2015
8494,Copiers,479.976,3,10/23/2015
8495,Binders,6.08,1,10/23/2015
8505,Chairs,366.744,4,5/2/2016
8506,Binders,8.856,9,3/8/2016
8507,Accessories,27.96,5,3/8/2016
8508,Envelopes,146.352,3,3/8/2016
8509,Accessories,175.23,11,12/11/2015
8510,Phones,125.99,1,12/11/2015
8511,Binders,23.0,2,12/11/2015
8513,Furnishings,73.784,2,2/2/2016
8518,Furnishings,30.336,6,6/4/2017
8523,Phones,12.99,1,4/1/2016
8531,Paper,33.36,4,11/30/2016
8532,Paper,13.76,2,11/30/2016
8533,Storage,496.86,7,11/30/2016
8534,Chairs,389.97,3,11/30/2016
8551,Labels,6.264,3,7/17/2015
8552,Fasteners,14.432,4,7/17/2015
8553,Copiers,719.976,3,5/30/2014
8558,Phones,453.576,3,12/23/2016
8559,Labels,45.36,9,12/23/2016
8560,Phones,287.88,3,12/23/2016
8561,Phones,131.88,3,12/23/2016
8562,Furnishings,2.328,2,12/23/2016
8563,Chairs,1454.9,5,4/2/2016
8566,Phones,67.176,3,11/17/2016
8567,Paper,15.232,4,11/17/2016
8572,Paper,10.272,3,4/3/2016
8573,Machines,998.85,5,11/28/2014
8578,Tables,607.52,2,12/22/2017
8579,Storage,31.16,2,12/22/2017
8581,Furnishings,10.332,3,5/20/2014
8582,Paper,10.368,2,5/20/2014
8583,Accessories,20.784,2,5/20/2014
8584,Storage,66.96,5,5/20/2014
8604,Accessories,30.08,2,1/3/2016
8605,Accessories,165.6,3,1/3/2016
8606,Phones,180.96,5,1/3/2016
8621,Furnishings,30.56,5,11/6/2017
8639,Accessories,399.95,5,7/23/2017
8641,Binders,760.98,5,1/12/2017
8659,Binders,0.836,1,6/21/2016
8662,Furnishings,21.968,4,5/12/2015
8663,Phones,619.152,6,5/12/2015
8664,Paper,127.904,7,5/12/2015
8673,Fasteners,18.368,2,2/16/2017
8674,Chairs,600.558,3,2/16/2017
8675,Storage,50.352,3,2/16/2017
8676,Art,28.032,6,2/16/2017
8677,Furnishings,7.692,1,2/16/2017
8678,Tables,517.405,5,10/24/2017
8679,Binders,8.608,8,9/2/2016
8680,Accessories,159.56,5,9/2/2016
8695,Paper,19.44,3,8/23/2014
8705,Phones,115.136,8,7/23/2016
8717,Appliances,64.384,4,6/12/2016
8718,Furnishings,6.984,2,6/12/2016
8719,Art,11.264,8,6/12/2016
8720,Paper,15.552,3,6/12/2016
8721,Chairs,379.372,2,6/12/2016
8722,Storage,67.536,9,6/12/2016
8723,Binders,1.524,2,6/12/2016
8732,Supplies,52.59,3,7/31/2015
8737,Storage,535.41,3,9/4/2016
8742,Binders,10.74,3,11/9/2015
8765,Art,5.344,2,11/21/2015
8766,Binders,1.696,2,11/21/2015
8767,Appliances,24.588,3,11/21/2015
8768,Binders,7.98,5,11/21/2015
8776,Art,3.536,2,12/5/2016
8777,Chairs,528.43,5,7/2/2016
8778,Paper,41.472,8,7/2/2016
8781,Art,55.328,2,3/1/2015
8782,Bookcases,1227.9984,6,3/1/2015
8792,Phones,537.544,7,3/18/2017
8801,Paper,10.688,2,11/23/2017
8802,Phones,221.98,2,11/10/2016
8803,Bookcases,341.96,2,11/10/2016
8812,Appliances,207.144,3,3/8/2016
8813,Art,13.9,5,3/8/2016
8820,Paper,335.52,4,11/28/2015
8827,Paper,26.72,5,4/2/2014
8828,Paper,33.488,7,4/2/2014
8829,Paper,10.56,2,6/5/2015
8830,Storage,386.34,2,10/6/2014
8844,Storage,67.15,5,11/18/2014
8867,Bookcases,493.43,5,9/20/2014
8868,Phones,11.12,2,9/20/2014
8875,Binders,21.99,5,11/14/2017
8876,Supplies,185.376,2,8/13/2016
8877,Appliances,58.924,1,8/13/2016
8882,Accessories,50.12,7,6/30/2016
8890,Phones,449.97,3,10/17/2016
8891,Appliances,1927.59,7,10/17/2016
8894,Tables,489.23,2,8/5/2014
8901,Furnishings,32.064,3,5/31/2016
8902,Paper,18.496,4,5/31/2016
8903,Chairs,191.079,3,5/31/2016
8904,Paper,10.368,2,5/31/2016
8915,Storage,856.656,6,5/9/2016
8916,Binders,13.184,4,5/9/2016
8917,Appliances,48.784,4,5/9/2016
8918,Paper,76.64,2,5/9/2016
8919,Binders,18.528,6,5/9/2016
8925,Phones,1439.968,4,1/30/2016
8926,Binders,1.728,3,1/30/2016
8927,Tables,626.1,3,1/30/2016
8929,Tables,609.98,4,4/13/2015
8930,Tables,211.372,2,4/13/2015
8931,Phones,239.976,3,4/13/2015
8932,Furnishings,99.95,5,12/18/2017
8933,Accessories,29.34,3,12/18/2017
8934,Furnishings,16.74,2,3/14/2016
8944,Chairs,239.358,3,10/10/2017
8959,Phones,299.96,5,11/25/2017
8960,Appliances,67.84,5,11/25/2017
8961,Chairs,853.93,5,11/25/2017
8962,Art,18.688,4,11/25/2017
8966,Binders,1.248,2,11/6/2017
8975,Paper,36.288,7,11/23/2017
8976,Paper,78.304,2,11/23/2017
8977,Tables,127.785,1,11/23/2017
8978,Binders,6.104,2,11/23/2017
8980,Binders,1.72,1,10/19/2015
8981,Binders,8.952,2,2/6/2014
8982,Appliances,2.334,3,3/6/2016
8983,Binders,1.728,4,3/6/2016
8984,Furnishings,159.04,5,3/6/2016
8985,Tables,145.98,2,3/6/2016
8990,Furnishings,9.68,2,12/24/2015
8991,Copiers,4899.93,7,12/24/2015
8997,Phones,35.184,2,11/11/2017
8998,Paper,56.704,2,3/20/2017
8999,Paper,274.064,7,3/20/2017
9006,Storage,92.52,6,11/18/2017
9007,Storage,37.76,1,11/18/2017
9008,Labels,7.38,2,11/18/2017
9009,Furnishings,5.82,2,11/18/2017
9012,Accessories,100.8,2,12/20/2015
9033,Chairs,487.96,2,6/22/2017
9035,Binders,2.992,4,10/1/2015
9036,Accessories,108.768,4,10/1/2015
9039,Phones,55.176,3,11/21/2017
9040,Binders,9892.74,13,12/17/2016
9064,Paper,322.192,13,10/14/2014
9065,Binders,2.946,3,10/14/2014
9066,Paper,19.136,4,10/14/2014
9072,Storage,24.56,2,6/12/2015
9073,Envelopes,-15.5,2,9/4/2016
9074,Accessories,279.95,5,9/4/2016
9078,Accessories,89.97,3,11/3/2014
9087,Appliances,93.032,2,9/26/2016
9088,Chairs,454.965,5,9/26/2016
9094,Phones,299.98,2,6/1/2015
9095,Binders,403.68,6,6/1/2015
9096,Phones,41.9,2,6/1/2015
9097,Labels,28.91,7,6/1/2015
9098,Paper,32.4,5,4/12/2014
9099,Phones,369.544,7,10/12/2017
9100,Paper,10.368,2,10/12/2017
9101,Accessories,791.88,3,10/12/2017
9102,Art,23.64,3,11/7/2015
9103,Storage,84.784,2,11/7/2015
9104,Furnishings,64.96,5,11/7/2015
9105,Binders,32.06,10,11/7/2015
9106,Storage,177.648,2,11/7/2015
9107,Machines,287.91,3,11/7/2015
9108,Supplies,22.368,2,5/25/2015
9109,Paper,32.368,7,5/25/2015
9110,Accessories,207.984,2,5/25/2015
9125,Furnishings,9.552,3,8/18/2016
9126,Furnishings,5.344,4,8/18/2016
9128,Storage,50.136,3,5/25/2017
9140,Accessories,475.944,7,9/2/2014
9146,Binders,2.808,3,9/20/2015
9150,Binders,138.56,4,6/1/2014
9151,Appliances,65.52,5,6/1/2014
9162,Bookcases,405.86,7,12/8/2016
9163,Chairs,680.01,3,12/8/2016
9164,Accessories,2.376,3,6/8/2015
9165,Appliances,143.128,2,6/8/2015
9193,Binders,29.372,7,11/2/2015
9194,Phones,344.704,2,11/2/2015
9208,Accessories,39.816,3,8/3/2017
9210,Envelopes,7.28,1,12/11/2017
9211,Binders,5.4,3,12/11/2017
9217,Appliances,13.762,1,11/24/2017
9218,Envelopes,15.28,2,11/14/2017
9224,Binders,7.536,6,11/4/2017
9225,Binders,1.408,2,11/4/2017
9226,Binders,4.144,4,11/4/2017
9227,Storage,52.752,3,11/4/2017
9251,Binders,115.84,8,12/2/2016
9255,Chairs,60.89,1,2/11/2014
9256,Labels,14.94,3,2/11/2014
9257,Binders,9.64,2,2/11/2014
9258,Furnishings,332.94,3,2/11/2014
9259,Binders,51.9,3,2/11/2014
9260,Storage,64.96,2,2/11/2014
9261,Supplies,25.5,3,11/11/2017
9263,Chairs,389.97,3,10/9/2015
9264,Appliances,269.91,5,10/9/2015
9285,Chairs,392.94,3,11/18/2014
9287,Binders,6.888,3,6/19/2017
9288,Tables,457.485,3,6/19/2017
9293,Binders,0.556,1,3/2/2017
9297,Accessories,41.424,2,4/18/2015
9298,Phones,244.768,4,4/18/2015
9299,Art,74.352,3,4/18/2015
9300,Binders,4.312,2,4/18/2015
9301,Chairs,56.686,1,4/18/2015
9302,Phones,97.968,2,4/18/2015
9303,Art,7.872,3,4/18/2015
9304,Paper,15.552,3,4/18/2015
9305,Binders,1.476,1,4/18/2015
9312,Labels,4.928,2,3/6/2017
9313,Art,63.488,4,3/6/2017
9314,Storage,418.32,7,11/11/2015
9315,Appliances,123.858,2,11/11/2015
9318,Accessories,47.904,1,2/21/2017
9322,Furnishings,11.376,3,11/4/2016
9323,Furnishings,66.112,4,11/4/2016
9353,Chairs,520.464,2,9/24/2017
9354,Paper,11.424,3,9/24/2017
9355,Paper,19.44,3,12/1/2015
9356,Art,3.64,2,12/1/2015
9357,Paper,18.54,2,12/1/2015
9366,Paper,11.56,2,8/22/2014
9378,Storage,32.56,2,12/17/2017
9379,Envelopes,7.072,2,5/10/2016
9391,Storage,228.92,5,6/19/2015
9392,Phones,7.992,1,3/13/2017
9400,Art,14.112,6,11/11/2016
9406,Machines,574.91,2,3/14/2014
9407,Paper,8.448,2,3/14/2014
9414,Binders,6.816,2,9/26/2016
9420,Appliances,15.224,2,10/2/2017
9421,Appliances,21.984,6,10/2/2017
9429,Chairs,1212.96,8,5/11/2014
9430,Phones,1099.96,5,8/28/2015
9431,Tables,103.481,1,8/28/2015
9440,Supplies,22.24,2,10/12/2014
9445,Phones,95.84,4,3/1/2015
9446,Labels,12.39,3,5/29/2015
9447,Paper,35.88,6,9/22/2016
9448,Furnishings,,5,5/27/2017
9475,Labels,5.904,2,5/31/2015
9476,Paper,173.488,7,5/31/2015
9477,Furnishings,51.56,2,5/31/2015
9478,Binders,3.564,3,5/31/2015
9479,Fasteners,13.16,5,9/7/2014
9480,Binders,3.828,3,9/7/2014
9481,Binders,304.99,5,9/7/2014
9482,Storage,18.16,2,11/6/2017
9485,Bookcases,781.864,10,12/2/2016
9486,Paper,30.816,9,12/2/2016
9493,Binders,38.16,9,11/7/2017
9494,Tables,1592.85,7,1/3/2016
9495,Binders,11.88,2,1/3/2016
9498,Paper,4.41,1,11/5/2017
9499,Paper,167.94,3,11/5/2017
9500,Paper,67.8,10,11/5/2017
9501,Furnishings,26.94,3,5/26/2016
9507,Art,26.7,2,4/5/2014
9508,Binders,40.2,5,4/5/2014
9509,Art,13.89,3,4/5/2014
9510,Storage,689.82,6,4/5/2014
9512,Binders,9.264,3,12/14/2014
9513,Bookcases,204.6664,1,5/30/2017
9514,Accessories,1649.75,5,10/14/2016
9516,Art,54.208,14,2/17/2014
9522,Phones,323.976,3,12/19/2014
9523,Paper,15.552,3,12/19/2014
9524,Storage,32.592,3,12/19/2014
9530,Storage,12.768,2,3/24/2017
9532,Storage,55.616,2,10/26/2017
9537,Furnishings,8.856,3,6/12/2017
9542,Labels,35.52,3,8/6/2015
9543,Binders,6.23,5,8/6/2015
9544,Paper,56.704,2,8/6/2015
9545,Bookcases,369.1992,3,8/6/2015
9546,Accessories,1.98,2,10/29/2014
9547,Paper,75.88,2,10/29/2014
9558,Furnishings,5.312,2,10/17/2014
9569,Phones,79.96,4,7/5/2017
9576,Chairs,105.686,1,5/26/2015
9577,Machines,399.54,2,5/26/2015
9578,Chairs,104.93,5,5/26/2015
9585,Storage,53.72,4,8/26/2017
9588,Storage,195.136,4,4/17/2017
9589,Art,121.536,4,7/23/2017
9590,Paper,17.472,3,5/11/2014
9591,Binders,104.58,9,5/11/2014
9592,Furnishings,24.7,5,7/28/2016
9593,Furnishings,302.72,5,7/28/2016
9601,Paper,41.472,8,5/8/2017
9624,Appliances,21.392,2,6/29/2017
9625,Tables,307.314,3,6/29/2017
9626,Bookcases,409.9992,3,6/29/2017
9627,Paper,9.248,2,9/23/2017
9628,Binders,14.67,3,11/23/2014
9633,Appliances,90.64,8,2/13/2017
9648,Storage,221.16,4,11/19/2014
9649,Phones,281.97,3,11/19/2014
9675,Storage,26.632,1,7/22/2014
9677,Envelopes,64.02,6,11/28/2014
9688,Binders,11.646,9,9/30/2017
9692,Bookcases,613.9992,3,11/13/2015
9697,Labels,491.55,5,6/10/2014
9718,Phones,79.96,5,5/30/2016
9719,Accessories,223.96,5,5/30/2016
9721,Furnishings,18.96,2,9/22/2016
9725,Envelopes,12.224,2,12/5/2015
9737,Phones,,2,6/29/2015
9745,Envelopes,268.576,4,1/21/2017
9748,Furnishings,10.984,2,11/11/2014
9749,Chairs,797.944,4,11/11/2014
9751,Art,5.344,2,10/11/2016
9752,Art,27.72,3,10/11/2016
9768,Binders,54.9,5,12/9/2017
9775,Binders,2177.584,8,7/26/2014
9776,Furnishings,17.496,3,7/26/2014
9777,Binders,16.784,4,7/26/2014
9778,Accessories,431.136,9,7/26/2014
9779,Binders,8.88,5,7/26/2014
9780,Appliances,4.836,2,7/26/2014
9788,Bookcases,1023.332,5,3/27/2017
9789,Chairs,600.558,3,3/27/2017
9790,Accessories,39.992,1,3/27/2017
9791,Chairs,211.246,2,3/27/2017
9792,Envelopes,56.064,6,5/21/2014
9793,Chairs,107.772,2,5/21/2014
9794,Paper,4.832,1,5/21/2014
9795,Binders,18.24,3,5/21/2014
9796,Binders,3.798,3,5/21/2016
9809,Binders,2.112,2,7/21/2017
9831,Accessories,319.968,4,12/16/2014
9832,Furnishings,8.624,7,12/16/2014
9833,Paper,3.984,1,5/18/2014
9835,Furnishings,14.0,4,10/10/2016
9836,Binders,16.392,2,10/10/2016
9844,Labels,15.936,4,6/3/2014
9845,Furnishings,61.544,7,6/3/2014
9846,Storage,132.696,3,6/3/2014
9859,Storage,67.4,5,1/14/2017
9860,Fasteners,2.52,2,1/14/2017
9861,Phones,67.8,4,1/14/2017
9862,Storage,18.76,2,1/14/2017
9863,Accessories,12.12,4,1/14/2017
9864,Paper,11.34,1,1/14/2017
9865,Accessories,159.8,4,1/14/2017
9866,Furnishings,18.96,2,1/14/2017
9872,Storage,290.336,2,10/6/2017
9873,Art,19.152,2,10/6/2017
9887,Fasteners,5.94,3,1/23/2014
9891,Paper,20.62,2,7/25/2016
9892,Accessories,124.25,7,7/25/2016
9893,Phones,297.55,5,7/25/2016
9894,Chairs,403.56,4,7/25/2016
9895,Furnishings,95.2,5,7/25/2016
9896,Accessories,153.824,11,9/26/2014
9897,Paper,62.016,2,6/17/2014
9904,Furnishings,25.128,3,11/12/2014
9905,Accessories,127.984,2,11/12/2014
9915,Paper,12.96,2,1/29/2017
9916,Paper,94.85,5,1/29/2017
9917,Storage,13.48,1,1/29/2017
9918,Furnishings,14.91,3,1/29/2017
9920,Chairs,528.43,5,3/15/2016
9921,Binders,22.386,7,3/15/2016
9923,Accessories,191.968,4,5/6/2017
9948,Chairs,1925.88,6,6/1/2017
9949,Appliances,2405.2,8,6/1/2017
9950,Accessories,83.97,3,6/1/2017
9951,Accessories,39.89,1,6/1/2017
9952,Binders,17.38,2,6/1/2017
9962,Paper,65.584,2,3/19/2015
9963,Bookcases,383.4656,4,3/19/2015
9973,Envelopes,99.568,2,9/11/2016
9983,Paper,35.56,7,9/22/2016
9984,Phones,97.98,2,9/22/2016
17,Storage,665.88,6,11/11/2014
37,Furnishings,190.92,5,12/8/2016
46,Binders,17.46,2,3/11/2016
67,Chairs,213.115,5,4/30/2015
