id,item_category,amount,num_units,transaction_date
1,Bookcases,261.96,2,11/8/2016
2,Chairs ,731.94,3,11/8/2016
4,Tables,957.5775,5,10/11/2015
5,Storage,22.368,2,10/11/2015
13,Paper,15.552,3,4/15/2017
44,Storage,,2,9/19/2017
70,Paper,75.88,2,6/4/2016
73,Chairs,831.936,8,4/26/2015
74,Furnishings,-20.0,2,4/26/2015
75,Storage ,72.784,1,4/26/2015
80,Appliances,208.16,1,6/12/2016
81,Binders,16.74,3,6/12/2016
84,Envelopes,200.984,7,9/3/2015
86,Chairs,301.96,2,5/28/2017
107,Accessories,74.112,8,11/23/2017
108,Phones,27.992,1,11/23/2017
109,Art,3.304,1,11/23/2017
119,Binders,157.794,1,4/5/2015
183,Phones,503.96,4,11/19/2014
184,Phones,149.95,5,11/19/2014
185,Accessories,29.0,2,11/19/2014
205,Furnishings,35.168,7,6/3/2017
229,Chairs,161.568,2,2/28/2015
230,Chairs,389.696,8,2/28/2015
231,Binders,18.648,7,9/13/2014
232,Tables,233.86,2,4/7/2017
233,Tables,620.6145,3,4/7/2017
234,Binders,5.328,2,4/7/2017
235,Furnishings,258.072,3,4/7/2017
236,Accessories,617.976,3,4/7/2017
267,Art,14.016,3,6/16/2017
287,Binders,254.058,7,12/18/2016
288,Appliances,194.528,2,12/18/2016
289,Supplies,961.48,5,12/18/2016
309,Art,4.89,1,4/15/2017
315,Phones,178.384,2,8/9/2014
316,Paper,15.552,3,8/9/2014
326,Furnishings,15.992,1,11/3/2017
359,Paper,36.24,5,4/23/2016
360,Appliances,647.84,8,3/8/2017
361,Labels,20.7,2,3/8/2017
385,Tables,375.4575,3,11/27/2015
386,Accessories,83.976,3,11/27/2015
403,Paper,9.568,2,12/24/2014
404,Art,39.072,6,4/16/2014
419,Paper,5.78,1,11/6/2017
425,Chairs,866.4,4,8/21/2017
430,Binders,189.588,2,4/15/2016
431,Accessories,408.744,7,4/15/2016
432,Accessories,291.96,5,4/15/2016
433,Storage,4.768,2,4/15/2016
435,Binders,4.812,2,12/19/2014
436,Accessories,247.8,5,12/19/2014
495,Tables,189.882,3,3/18/2016
496,Envelopes,105.42,2,12/27/2015
507,Art,2.74,1,3/16/2015
508,Art,8.34,3,3/16/2015
509,Storage,46.74,3,3/16/2015
510,Binders,6354.95,5,3/16/2015
527,Chairs,683.952,3,10/21/2017
528,Furnishings,45.696,3,10/21/2017
534,Phones,979.95,5,5/29/2016
535,Binders,22.75,5,5/29/2016
539,Appliances,152.94,3,12/7/2015
540,Chairs,283.92,4,12/7/2015
553,Furnishings,34.504,1,9/11/2017
556,Art,19.456,4,3/3/2014
562,Appliances,13.0,5,9/14/2014
563,Furnishings,13.128,3,9/14/2014
587,Chairs,70.98,1,7/3/2015
588,Labels,294.93,3,7/3/2015
603,Storage,142.776,1,3/15/2014
604,Furnishings,45.696,3,3/15/2014
605,Binders,7.218,3,3/15/2014
606,Binders,43.188,4,3/15/2014
607,Paper,131.904,3,3/15/2014
634,Accessories,17.88,3,9/24/2017
635,Labels,235.944,3,9/24/2017
636,Chairs,392.94,3,10/4/2015
665,Fasteners,10.74,3,11/4/2016
684,Machines,7999.98,4,11/4/2017
685,Appliances,167.44,2,11/4/2017
686,Accessories,479.97,3,7/5/2014
687,Labels,14.62,2,7/5/2014
688,Paper,19.44,3,7/5/2014
690,Furnishings,104.01,1,6/21/2014
691,Phones,284.82,1,6/21/2014
692,Storage,36.84,3,6/21/2014
705,Paper,10.368,2,9/12/2014
706,Appliances,166.84,5,9/12/2014
707,Accessories,15.216,1,9/12/2014
712,Envelopes,24.448,4,9/3/2017
725,Supplies,45.584,7,7/7/2016
756,Tables,383.438,4,9/18/2016
762,Labels,12.39,3,11/3/2017
764,Envelopes,11.36,2,1/13/2014
765,Envelopes,50.94,3,1/13/2014
766,Accessories,646.74,6,1/13/2014
767,Binders,5.64,3,1/13/2014
768,Storage,572.58,6,1/13/2014
769,Furnishings,310.88,2,5/14/2014
770,Chairs,641.96,2,5/19/2016
786,Envelopes,186.69,3,5/23/2015
789,Binders,143.96,4,6/26/2015
790,Storage,15.42,1,6/26/2015
791,Binders,43.04,8,6/26/2015
792,Chairs,332.94,3,6/26/2015
793,Phones,1363.96,5,5/20/2016
804,Paper,12.96,2,3/12/2016
830,Chairs,301.96,2,6/16/2017
831,Appliances,180.66,3,6/16/2017
832,Phones,191.98,2,6/16/2017
833,Phones,65.99,1,6/16/2017
834,Art,35.216,2,7/23/2016
835,Appliances,23.696,2,7/23/2016
836,Machines,265.475,1,7/23/2016
838,Paper,9.664,2,11/4/2017
847,Phones,83.72,7,10/13/2015
848,Chairs,287.94,3,10/13/2015
853,Art,185.88,6,5/28/2016
863,Accessories,191.472,6,1/5/2016
864,Art,5.248,2,1/5/2016
865,Phones,59.184,2,1/5/2016
866,Labels,2.89,1,1/10/2014
867,Furnishings,51.94,1,1/10/2014
875,Paper,192.16,5,8/25/2017
882,Storage,30.84,2,10/9/2015
921,Storage,24.56,2,12/5/2014
928,Art,46.2,4,10/5/2015
929,Appliances,28.84,2,10/5/2015
956,Storage,173.8,5,11/30/2017
962,Binders,6.24,2,11/27/2015
964,Labels,4.608,2,9/22/2014
979,Binders,3.282,2,5/30/2016
991,Chairs,1166.92,5,3/29/2015
995,Binders,2715.93,7,5/21/2014
996,Phones,617.97,3,5/21/2014
997,Envelopes,10.67,1,10/28/2015
998,Storage,36.63,3,10/28/2015
999,Furnishings,24.1,5,10/28/2015
1000,Furnishings,33.11,7,10/28/2015
1006,Paper,115.296,3,11/13/2015
1039,Art,23.968,7,11/20/2017
1040,Art,28.728,3,11/20/2017
1047,Phones,1363.96,5,3/8/2016
1048,Furnishings,102.36,3,3/8/2016
1090,Furnishings,31.984,2,6/4/2017
1091,Phones,71.984,2,6/4/2017
1096,Storage,348.208,7,1/21/2017
1097,Binders,35.784,7,1/21/2017
1118,Paper,279.9,5,9/4/2015
1119,Accessories,619.95,5,9/4/2015
1120,Paper,4.36,2,9/4/2015
1121,Envelopes,15.28,2,9/4/2015
1122,Phones,699.93,7,1/20/2014
1123,Art,22.96,7,1/20/2014
1124,Furnishings,38.6,4,1/20/2014
1125,Art,6.63,3,1/20/2014
1126,Envelopes,23.34,3,1/20/2014
1127,Chairs,1067.94,3,1/20/2014
1130,Tables,343.92,4,4/12/2016
1131,Paper,40.99,1,4/12/2016
1132,Envelopes,63.9,5,4/12/2016
1136,Storage,85.224,3,12/11/2016
1155,Storage,122.48,2,12/20/2014
1156,Tables,2244.48,7,12/20/2014
1157,Binders,62.31,3,12/20/2014
1158,Tables,455.1,2,12/20/2014
1183,Envelopes,21.744,1,1/14/2017
1184,Phones,7.92,5,1/14/2017
1194,Paper,15.552,3,9/15/2015
1195,Furnishings,15.712,4,9/15/2015
1196,Storage,24.672,2,9/15/2015
1197,Furnishings,55.968,1,9/15/2015
1206,Phones,271.96,5,8/1/2017
1235,Furnishings,47.952,3,10/28/2016
1236,Binders,37.425,5,10/28/2016
1237,Furnishings,63.968,2,10/28/2016
1238,Furnishings,165.048,3,10/28/2016
1245,Envelopes,48.69,9,5/14/2017
1258,Binders,27.882,3,12/24/2016
1259,Storage,540.048,3,12/24/2016
1260,Accessories,255.68,8,12/24/2016
1261,Phones,863.88,3,10/23/2017
1262,Binders,17.616,4,10/28/2016
1270,Paper,12.48,2,6/4/2017
1279,Accessories,32.97,3,9/8/2014
1280,Accessories,83.88,4,9/8/2014
1282,Labels,15.12,3,4/9/2017
1283,Binders,17.43,1,4/9/2017
1284,Paper,251.64,3,4/9/2017
1301,Furnishings,572.76,6,12/23/2016
1302,Furnishings,286.38,3,12/23/2016
1303,Bookcases,61.96,2,9/19/2015
1304,Furnishings,23.99,1,7/3/2017
1305,Phones,287.97,3,7/3/2017
1319,Phones,575.92,2,7/1/2014
1320,Binders,5.184,6,7/1/2014
1323,Appliances,72.8,5,3/3/2017
1324,Paper,10.816,4,10/9/2017
1341,Machines,695.7,2,1/2/2017
1342,Binders,15.66,5,1/2/2017
1343,Binders,28.854,6,1/2/2017
1352,Storage,31.4,2,3/28/2016
1358,Paper,79.14,3,5/5/2016
1383,Storage,80.98,1,2/5/2016
1384,Paper,348.84,9,2/5/2016
1385,Fasteners,9.45,5,2/5/2016
1386,Furnishings,18.84,3,2/5/2016
1387,Bookcases,239.98,2,2/5/2016
1388,Envelopes,167.96,2,2/5/2016
1389,Phones,104.85,3,2/5/2016
1390,Phones,484.83,3,2/5/2016
1391,Paper,122.97,3,2/5/2016
1392,Storage,154.44,3,2/5/2016
1393,Paper,342.37,7,2/5/2016
1394,Art,9.552,3,7/3/2017
1401,Phones,21.8,2,11/1/2016
1402,Envelopes,251.79,3,11/1/2016
1432,Binders,152.76,6,12/19/2014
1433,Supplies,7.27,1,12/19/2014
1434,Chairs,1819.86,14,12/19/2014
1443,Paper,13.76,2,8/5/2017
1452,Paper,70.98,7,11/26/2016
1453,Binders,91.68,3,11/26/2016
1454,Binders,33.75,5,11/26/2016
1455,Machines,3040.0,8,11/26/2016
1456,Binders,91.2,3,6/12/2017
1457,Tables,452.94,3,6/12/2017
1468,Accessories,255.968,4,5/16/2015
1478,Supplies,,7,11/13/2016
1483,Art,9.728,2,8/25/2017
1484,Paper,3.424,1,8/25/2017
1495,Art,40.05,3,12/17/2014
1508,Machines,396.0,4,9/17/2016
1531,Paper,74.352,3,3/26/2015
1554,Binders,124.75,5,10/16/2017
1565,Storage,354.9,5,3/4/2014
1570,Art,12.84,3,11/26/2017
1578,Paper,4.98,1,5/23/2016
1590,Art,10.96,4,5/12/2016
1603,Art,6.672,3,12/11/2016
1628,Chairs,517.5,6,9/24/2015
1674,Labels,196.62,2,12/11/2015
1729,Accessories,100.0,4,2/7/2016
1730,Labels,7.83,3,2/7/2016
1731,Paper,96.256,8,9/28/2014
1732,Paper,10.688,2,9/28/2014
1735,Appliances,34.848,2,7/29/2017
1736,Phones,22.0,5,7/29/2017
1737,Art,4.368,3,7/29/2017
1747,Binders,11.232,8,8/13/2016
1748,Paper,10.272,3,8/13/2016
1764,Supplies,35.06,2,8/4/2016
1765,Labels,4.13,1,8/4/2016
1766,Furnishings,109.8,9,8/4/2016
1767,Labels,9.82,2,8/4/2016
1768,Binders,7.644,4,3/22/2014
1769,Binders,51.465,5,3/22/2014
1812,Tables,1441.3,7,6/9/2014
1828,Phones,1127.976,3,2/8/2016
1829,Paper,38.88,6,7/13/2015
1833,Chairs,207.0,3,11/5/2015
1837,Appliances,1245.86,7,2/19/2017
1838,Labels,17.544,3,8/1/2014
1839,Furnishings,44.128,4,8/1/2014
1840,Appliances,62.92,1,8/1/2014
1841,Paper,78.304,2,8/1/2014
1842,Chairs,140.81,1,7/18/2016
1880,Binders,68.742,9,3/28/2017
1887,Fasteners,7.104,2,5/13/2014
1888,Binders,398.352,8,5/13/2014
1893,Envelopes,7.824,1,12/22/2017
1895,Art,34.65,3,12/2/2017
1898,Envelopes,29.808,2,8/29/2014
1899,Binders,505.176,4,8/29/2014
1900,Tables,174.0585,3,8/29/2014
1901,Storage,191.88,6,6/29/2016
1907,Binders,2.952,2,5/17/2016
1908,Binders,27.018,6,5/17/2016
1914,Accessories,149.95,5,1/15/2014
1915,Labels,4.608,2,4/30/2017
1916,Art,15.528,3,4/30/2017
1917,Labels,11.952,3,4/30/2017
1933,Bookcases,145.74,3,8/6/2017
1934,Furnishings,15.4,5,8/6/2017
1976,Storage,275.97,3,10/18/2014
1977,Phones,1394.95,5,10/18/2014
1978,Chairs,545.88,6,10/18/2014
1982,Binders,3.76,2,12/14/2015
1998,Labels,15.0,4,2/6/2014
1999,Phones,161.61,1,2/6/2014
2000,Phones,144.95,5,2/6/2014
2003,Storage,95.94,3,12/25/2017
2004,Chairs,304.45,5,12/25/2017
2009,Art,4.224,3,11/15/2014
2010,Appliances,333.056,2,11/15/2014
2011,Paper,24.896,4,11/15/2014
2014,Chairs,350.98,1,9/18/2016
2015,Paper,13.08,2,9/18/2016
2016,Storage,900.08,4,9/18/2016
2095,Art,13.12,5,11/25/2015
2096,Binders,511.84,8,5/15/2016
2097,Art,91.96,4,5/15/2016
2098,Art,8.34,3,5/15/2016
2106,Paper,15.552,3,9/30/2014
2121,Binders,2.808,3,1/7/2017
2159,Art,17.856,4,10/21/2017
2187,Accessories,29.0,2,7/14/2016
2197,Art,4.704,2,12/1/2016
2198,Art,14.67,3,11/28/2014
2201,Furnishings,22.2,6,6/1/2014
2202,Phones,881.93,7,6/1/2014
2206,Art,67.56,3,9/10/2016
2218,Art,2.816,2,9/20/2014
2263,Bookcases,359.97,3,2/6/2017
2264,Accessories,499.98,2,11/14/2016
2265,Paper,5.28,1,11/14/2016
2266,Binders,8.26,2,11/14/2016
2267,Paper,7.968,2,10/12/2017
2271,Art,47.96,5,12/2/2017
2277,Storage,306.2,5,6/27/2014
2278,Tables,85.98,1,6/27/2014
2279,Accessories,223.96,4,6/27/2014
2286,Paper,14.352,3,5/5/2016
2287,Appliances,35.04,2,11/17/2017
2291,Phones,287.97,3,4/20/2015
2292,Furnishings,595.38,6,4/20/2015
2293,Paper,12.96,2,4/20/2015
2303,Accessories,316.0,4,1/17/2016
2304,Chairs,723.92,4,9/17/2017
2305,Paper,106.32,3,9/17/2017
2320,Appliances,194.32,4,12/23/2015
2322,Binders,94.74,3,12/31/2015
2323,Binders,60.64,4,12/31/2015
2324,Binders,76.3,5,12/31/2015
2325,Binders,364.8,12,12/31/2015
2335,Appliances,69.216,6,9/30/2014
2341,Art,41.86,7,11/10/2016
2364,Furnishings,127.88,2,3/13/2016
2365,Appliances,160.32,2,3/13/2016
2366,Binders,46.0,4,3/13/2016
2376,Fasteners,5.67,3,1/24/2017
2400,Storage,628.81,7,9/9/2017
2401,Storage,56.45,5,9/9/2017
2435,Envelopes,33.96,2,11/14/2015
2436,Appliances,826.11,3,11/14/2015
2440,Furnishings,7.904,2,7/17/2017
2449,Storage,269.49,3,9/14/2015
2467,Paper,9.11,1,5/4/2017
2468,Storage,571.44,4,5/4/2017
2469,Paper,32.4,5,5/4/2017
2470,Storage,16.91,1,5/4/2017
2471,Furnishings,14.272,8,1/22/2016
2472,Bookcases,451.136,4,1/22/2016
2473,Appliances,64.864,4,1/22/2016
2500,Envelopes,37.608,3,6/22/2017
2512,Accessories,106.5,6,4/18/2015
2513,Binders,45.66,5,12/2/2017
2530,Paper,10.368,2,10/24/2014
2531,Paper,114.2,5,8/17/2014
2532,Binders,17.96,4,8/17/2014
2533,Fasteners,12.67,7,8/17/2014
2534,Accessories,339.96,4,8/17/2014
2552,Furnishings,821.88,6,11/19/2017
2553,Binders,21.96,2,11/19/2017
2554,Paper,25.92,4,9/14/2016
2555,Phones,705.544,7,8/15/2016
2558,Appliances,6.992,2,3/24/2015
2562,Labels,9.216,4,12/25/2015
2563,Paper,10.368,2,12/25/2015
2566,Accessories,71.0,4,12/21/2017
2575,Envelopes,16.23,3,11/22/2014
2576,Binders,319.9,5,11/22/2014
2577,Envelopes,11.36,2,11/22/2014
2578,Appliances,675.12,3,11/22/2014
2579,Furnishings,62.82,3,1/26/2014
2580,Storage,489.92,8,1/26/2014
2581,Paper,19.44,3,1/26/2014
2582,Paper,16.68,2,1/26/2014
2583,Phones,155.35,13,1/26/2014
2584,Furnishings,12.42,3,1/26/2014
2585,Phones,187.98,2,1/26/2014
2593,Phones,79.1,2,11/24/2017
2594,Binders,327.84,8,11/24/2017
2606,Binders,1.167,1,12/16/2014
2635,Furnishings,4.928,2,7/5/2015
2636,Binders,7.23,5,7/5/2015
2642,Accessories,29.99,1,2/20/2015
2644,Phones,36.792,1,4/17/2016
2645,Furnishings,18.624,8,4/17/2016
2664,Labels,3.984,1,5/1/2016
2665,Tables,370.62,3,5/1/2016
2666,Binders,2.742,2,5/1/2016
2676,Art,8.76,5,11/27/2017
2677,Appliances,43.584,1,11/27/2017
2686,Envelopes,95.952,3,9/6/2016
2687,Binders,3.204,2,9/6/2016
2695,Furnishings,15.384,1,10/15/2014
2697,Machines,821.3,4,3/18/2014
2698,Machines,22638.48,6,3/18/2014
2699,Paper,21.376,4,3/18/2014
2700,Art,8.016,3,3/18/2014
2701,Furnishings,30.768,2,3/18/2014
2702,Fasteners,18.936,3,3/18/2014
2703,Furnishings,122.352,3,3/18/2014
2711,Binders,12.828,2,12/11/2015
2714,Phones,302.376,3,4/25/2014
2717,Accessories,71.98,2,8/26/2017
2721,Fasteners,8.376,3,11/4/2014
2722,Appliances,58.24,5,11/4/2014
2723,Storage,81.2,5,4/14/2016
2740,Supplies,477.24,4,4/16/2017
2741,Accessories,25.98,2,4/16/2017
2746,Accessories,79.992,1,8/7/2017
2749,Binders,8.226,3,12/4/2015
2759,Furnishings,76.92,4,3/11/2016
2760,Storage,481.32,4,3/11/2016
2773,Furnishings,19.104,3,12/10/2017
2779,Furnishings,23.68,8,4/30/2017
2780,Accessories,2.376,3,4/30/2017
2798,Art,13.36,4,10/20/2017
2799,Paper,39.96,2,10/20/2017
2800,Binders,145.85,5,10/20/2017
2801,Phones,783.96,5,10/25/2016
2834,Art,15.47,7,1/26/2017
2835,Binders,7.16,2,1/26/2017
2839,Machines,695.7,2,6/9/2016
2841,Chairs,1139.92,4,3/14/2014
2842,Paper,229.544,7,8/31/2017
2848,Furnishings,56.28,6,4/8/2017
2849,Binders,2690.97,3,4/8/2017
2850,Binders,7.434,6,11/28/2016
2858,Chairs,225.296,2,8/15/2016
2859,Accessories,67.8,4,5/19/2017
2860,Phones,377.97,3,5/19/2017
2861,Bookcases,1628.82,9,5/19/2017
2862,Paper,286.93,7,5/19/2017
2863,Paper,20.736,4,8/12/2017
2870,Furnishings,17.088,2,6/12/2017
2891,Chairs,51.96,2,4/29/2014
2892,Binders,17.94,3,4/29/2014
2898,Copiers,959.968,4,1/4/2016
2902,Paper,184.66,7,9/11/2017
2911,Appliances,387.136,4,11/5/2015
2927,Furnishings,18.84,3,7/10/2017
2929,Binders,1633.188,4,10/19/2017
2969,Appliances,499.584,3,11/6/2017
2970,Paper,31.104,6,11/6/2017
2971,Binders,13.272,8,11/6/2017
2972,Furnishings,28.272,2,11/6/2017
2973,Storage,259.136,4,11/6/2017
2979,Chairs,545.94,6,1/13/2014
2986,Furnishings,24.96,4,5/25/2016
2987,Paper,19.36,2,5/25/2016
2988,Storage,1267.65,9,5/25/2016
3009,Furnishings,191.82,3,12/5/2016
3029,Chairs,504.9,5,12/17/2017
3035,Accessories,53.7,6,6/11/2015
3036,Binders,36.26,7,6/11/2015
3037,Art,56.3,2,6/11/2015
3038,Paper,32.4,5,6/11/2015
3039,Furnishings,29.16,2,6/11/2015
3041,Furnishings,16.72,5,5/5/2016
3049,Tables,411.8,2,4/2/2017
3050,Accessories,360.0,4,4/2/2017
3082,Binders,58.34,2,5/27/2017
3083,Phones,539.97,3,5/27/2017
3089,Furnishings,61.0,5,3/31/2017
3090,Phones,671.93,7,3/31/2017
3119,Chairs,1123.92,5,6/11/2015
3120,Phones,249.584,2,6/11/2015
3121,Furnishings,48.672,3,6/11/2015
3122,Art,60.768,2,6/11/2015
3123,Binders,78.6,5,6/11/2015
3124,Binders,3.768,2,6/11/2015
3125,Storage,1036.624,2,6/11/2015
3126,Storage,563.808,4,6/11/2015
3159,Storage,67.64,5,3/26/2016
3160,Accessories,119.976,3,3/26/2016
3169,Chairs,390.272,8,5/28/2016
3170,Paper,62.192,13,5/28/2016
3171,Binders,23.88,6,12/21/2017
3196,Fasteners,23.34,3,8/8/2016
3199,Phones,95.968,4,12/1/2014
3242,Storage,56.45,5,2/1/2016
3257,Labels,4.608,2,8/9/2015
3258,Tables,79.974,3,12/9/2016
3259,Binders,2.946,2,12/9/2016
3265,Labels,-20.0,4,3/4/2016
3268,Phones,135.98,2,5/22/2014
3269,Phones,44.95,1,5/22/2014
3277,Art,22.96,7,4/5/2014
3278,Phones,28.99,1,4/5/2014
3279,Paper,12.96,2,4/5/2014
3280,Art,22.96,7,4/5/2014
3281,Supplies,4164.05,5,4/5/2014
3282,Accessories,47.984,2,9/17/2014
3283,Paper,4.624,1,9/17/2014
3312,Furnishings,86.45,7,3/20/2016
3320,Appliances,43.512,7,12/20/2014
3321,Chairs,662.88,3,12/20/2014
3322,Paper,25.92,5,12/20/2014
3382,Envelopes,2.896,1,8/27/2017
3386,Storage,580.672,4,10/7/2017
3387,Fasteners,18.936,3,10/7/2017
3388,Phones,222.384,2,10/7/2017
3389,Binders,50.454,6,10/7/2017
3390,Tables,154.764,3,10/7/2017
3399,Phones,36.99,1,11/21/2014
3400,Paper,629.1,6,11/21/2014
3401,Storage,193.95,3,11/21/2014
3402,Art,5.46,3,11/21/2014
3448,Art,3.76,2,6/11/2017
3453,Phones,471.92,2,3/16/2014
3454,Binders,58.72,4,3/1/2015
3455,Art,5.16,3,7/9/2015
3456,Paper,16.496,2,2/20/2016
3464,Paper,5.08,1,11/25/2016
3465,Accessories,47.992,1,12/3/2017
3469,Furnishings,133.38,6,12/14/2016
3470,Paper,47.952,3,4/6/2015
3482,Furnishings,8.96,2,4/7/2014
3483,Phones,579.95,5,8/27/2014
3484,Furnishings,29.12,4,8/27/2014
3485,Tables,1202.94,3,8/27/2014
3487,Phones,36.192,1,11/30/2016
3488,Storage,147.184,2,9/5/2017
3500,Accessories,209.97,3,9/29/2016
3501,Binders,62.94,3,9/29/2016
3502,Art,25.92,9,9/29/2016
3516,Accessories,66.3,3,12/20/2016
3517,Paper,30.816,9,8/9/2016
3518,Phones,44.784,2,8/9/2016
3519,Appliances,569.536,4,8/9/2016
3526,Accessories,599.97,3,12/10/2017
3527,Phones,38.97,3,12/10/2017
3528,Binders,45.84,8,12/10/2017
3530,Accessories,87.168,3,9/17/2015
3538,Storage,83.25,3,5/9/2014
3539,Labels,9.45,3,5/9/2014
3540,Labels,20.65,5,5/9/2014
3541,Paper,45.36,7,5/9/2014
3547,Storage,105.98,7,10/30/2017
3548,Supplies,35.06,2,10/30/2017
3549,Chairs,33.94,1,10/30/2017
3550,Labels,30.0,8,10/30/2017
3576,Paper,14.496,3,3/19/2015
3579,Storage,7.89,1,7/25/2016
3580,Paper,65.5,5,7/25/2016
3581,Tables,2430.08,8,7/25/2016
3589,Supplies,1665.62,2,12/19/2017
3590,Binders,2.88,1,11/24/2017
3591,Storage,1443.96,12,11/24/2017
3621,Art,40.776,3,9/22/2016
3622,Phones,63.936,8,9/22/2016
3623,Furnishings,142.4,5,9/14/2014
3624,Binders,7.16,2,9/14/2014
3649,Binders,2.946,2,11/22/2015
3650,Fasteners,55.104,6,11/22/2015
3656,Storage,113.568,2,4/24/2017
3658,Envelopes,8.688,3,3/12/2015
3659,Furnishings,30.88,4,3/12/2015
3660,Furnishings,6.408,3,3/12/2015
3688,Binders,2.694,2,5/20/2016
3695,Binders,232.96,7,10/15/2016
3696,Envelopes,66.54,6,10/15/2016
3697,Appliances,43.26,3,10/15/2016
3703,Art,24.78,6,6/13/2015
3704,Binders,19.14,3,6/13/2015
3705,Copiers,899.97,3,6/13/2015
3706,Paper,32.4,5,6/13/2015
3718,Supplies,5.04,2,9/19/2016
3719,Accessories,249.95,5,9/19/2016
3721,Furnishings,18.92,4,12/20/2016
3722,Binders,15.42,2,12/20/2016
3745,Fasteners,11.85,3,10/24/2014
3746,Storage,118.25,5,9/23/2016
3747,Chairs,368.97,3,9/23/2016
3769,Chairs,1013.832,9,12/16/2014
3770,Fasteners,1.984,2,12/16/2014
3773,Accessories,62.91,3,8/6/2014
3774,Fasteners,6.912,3,4/11/2014
3775,Accessories,383.976,3,4/11/2014
3776,Paper,10.368,2,4/11/2014
3777,Accessories,335.944,7,4/11/2014
3779,Phones,71.976,3,11/30/2017
3783,Paper,8.904,3,11/13/2017
3784,Storage,720.064,4,11/13/2017
3785,Accessories,41.424,2,7/31/2017
3798,Paper,251.64,3,9/23/2017
3799,Tables,523.764,3,11/4/2017
3800,Phones,1359.96,5,11/4/2017
3801,Chairs,102.592,1,10/14/2016
3802,Accessories,22.704,1,10/14/2016
3803,Paper,93.024,3,10/14/2016
3804,Supplies,,2,10/14/2016
3805,Envelopes,35.008,4,10/14/2016
3806,Paper,39.152,1,10/14/2016
3807,Art,11.76,5,11/12/2015
3808,Binders,5.238,2,11/12/2015
3809,Binders,4.662,3,11/12/2015
3810,Chairs,523.92,5,11/12/2015
3811,Phones,100.792,1,11/12/2015
3812,Chairs,146.136,3,11/12/2015
3815,Phones,823.96,5,7/8/2016
3816,Paper,15.984,2,7/8/2016
3817,Tables,801.96,2,9/15/2015
3818,Phones,59.97,3,9/15/2015
3819,Chairs,1056.86,7,9/15/2015
3842,Chairs,170.352,3,6/8/2014
3849,Binders,691.96,4,9/22/2017
3850,Accessories,34.95,5,9/22/2017
3874,Envelopes,23.472,3,9/5/2016
3875,Binders,86.058,7,9/5/2016
3876,Phones,108.784,2,9/5/2016
3877,Paper,10.272,3,9/5/2016
3878,Binders,38.19,5,10/28/2016
3885,Art,4.368,3,7/5/2014
3888,Art,8.56,2,6/2/2014
3889,Phones,239.97,3,6/2/2014
3890,Storage,356.94,2,6/2/2014
3896,Accessories,48.9,5,5/1/2017
3920,Storage,61.68,4,12/1/2015
3921,Binders,63.96,4,12/1/2015
3943,Paper,25.92,5,5/27/2017
3946,Paper,44.384,1,11/18/2017
3947,Supplies,2.944,1,11/18/2017
3958,Binders,11.277,3,5/29/2016
3959,Art,4.448,2,5/29/2016
3960,Furnishings,44.76,3,5/29/2016
3966,Art,7.872,3,11/12/2014
3977,Furnishings,39.92,4,10/22/2016
3989,Furnishings,79.12,5,4/17/2016
3992,Furnishings,63.552,3,5/1/2015
3993,Supplies,41.376,3,5/1/2015
3994,Art,172.704,6,5/1/2015
4000,Bookcases,231.92,5,7/17/2015
4006,Art,1.78,1,12/10/2015
4007,Paper,25.92,4,12/10/2015
4008,Accessories,101.94,6,12/10/2015
4014,Appliances,542.94,3,8/23/2015
4015,Labels,8.64,3,8/23/2015
4016,Paper,193.8,5,8/23/2015
4017,Paper,21.4,5,8/23/2015
4018,Paper,97.88,2,8/23/2015
4019,Accessories,251.91,9,8/23/2015
4020,Appliances,25.86,3,8/23/2015
4030,Machines,479.97,3,12/24/2017
4031,Chairs,232.88,4,12/24/2017
4064,Art,20.016,9,6/23/2014
4065,Supplies,3.104,1,6/23/2014
4066,Fasteners,7.52,5,11/1/2014
4067,Art,10.272,3,11/1/2014
4068,Labels,47.808,12,11/1/2014
4069,Phones,978.84,9,11/1/2014
4075,Furnishings,220.064,4,11/15/2017
4076,Furnishings,339.136,4,11/15/2017
4080,Phones,47.976,3,12/21/2015
4089,Bookcases,638.82,9,8/19/2014
4094,Machines,3080.0,7,8/24/2015
4095,Accessories,79.96,4,8/24/2015
4096,Phones,587.97,3,8/24/2015
4126,Furnishings,91.032,3,7/27/2017
4127,Art,54.66,6,5/6/2017
4128,Storage,67.344,6,9/19/2014
4129,Machines,2624.985,3,9/19/2014
4132,Paper,11.952,3,7/2/2015
4133,Paper,15.552,3,7/2/2015
4134,Fasteners,45.0,9,9/8/2014
4135,Machines,209.97,3,9/8/2014
4138,Fasteners,25.06,7,11/19/2017
4155,Binders,38.088,4,12/29/2016
4156,Binders,2.808,3,12/29/2016
4160,Art,12.84,3,4/16/2016
4173,Binders,14.2,2,7/1/2016
4174,Paper,12.96,2,7/1/2016
4175,Binders,58.34,2,7/1/2016
4177,Phones,629.95,5,4/7/2014
4178,Paper,122.97,3,4/7/2014
4212,Paper,9.42,3,5/5/2014
4213,Art,6.56,2,5/5/2014
4214,Paper,24.56,2,5/5/2014
4243,Phones,149.97,3,4/4/2016
4244,Paper,27.81,3,4/4/2016
4252,Phones,55.944,7,10/23/2015
4253,Art,10.688,2,10/23/2015
4254,Phones,11.824,2,10/23/2015
4263,Appliances,80.48,1,9/21/2017
4271,Furnishings,692.472,11,11/26/2015
4288,Storage,64.784,1,12/28/2017
4298,Phones,4367.896,13,8/23/2017
4299,Paper,49.568,2,8/23/2017
4300,Appliances,161.376,6,8/23/2017
4301,Furnishings,2.784,2,8/23/2017
4302,Paper,8.72,5,8/23/2017
4319,Furnishings,82.38,6,12/7/2017
4330,Paper,15.552,3,10/3/2017
4331,Appliances,17.92,5,10/3/2017
4334,Accessories,50.88,6,12/21/2015
4335,Envelopes,27.312,2,12/21/2015
4340,Paper,5.184,1,8/27/2017
4342,Storage,544.38,3,12/17/2017
4355,Binders,19.008,8,11/24/2017
4356,Binders,1598.058,7,12/4/2015
4357,Art,36.96,4,12/4/2015
4362,Phones,29.16,3,2/17/2017
4379,Envelopes,17.48,2,11/30/2015
4380,Envelopes,71.88,2,11/30/2015
4422,Art,15.552,3,3/4/2014
4423,Appliances,17.24,2,5/18/2017
4424,Bookcases,302.94,3,5/18/2017
4425,Phones,34.75,5,5/18/2017
4426,Binders,113.94,6,5/18/2017
4427,Phones,55.98,2,5/18/2017
4431,Fasteners,20.0,4,11/3/2016
4432,Art,7.98,3,11/3/2016
4433,Furnishings,24.1,5,11/3/2016
4434,Art,8.75,1,11/3/2016
4435,Tables,842.94,3,11/3/2016
4515,Chairs,290.98,1,10/27/2016
4520,Storage,1347.52,8,6/10/2017
4556,Fasteners,31.56,4,3/23/2015
4557,Storage,27.92,4,3/23/2015
4564,Chairs,419.136,4,9/26/2017
4566,Appliances,45.216,3,12/3/2017
4567,Binders,28.782,6,12/3/2017
4568,Paper,24.448,4,12/3/2017
4579,Binders,113.1,3,6/9/2015
4581,Accessories,239.7,6,7/31/2015
4603,Paper,18.272,1,5/26/2015
4604,Paper,153.728,4,5/26/2015
4605,Envelopes,12.224,2,5/26/2015
4606,Accessories,167.944,7,5/26/2015
4612,Binders,31.36,4,1/24/2016
4613,Art,47.616,3,12/31/2016
4614,Paper,23.48,5,12/31/2016
4623,Supplies,8.832,3,9/9/2017
4624,Paper,177.536,4,9/9/2017
4625,Storage,258.48,2,9/9/2017
4626,Furnishings,14.136,3,9/9/2017
4640,Copiers,1599.92,8,9/11/2016
4641,Envelopes,11.09,1,9/11/2016
4647,Paper,13.62,3,5/30/2014
4664,Labels,3.0,1,9/18/2016
4665,Binders,7.506,9,9/22/2016
4666,Labels,16.56,2,9/22/2016
4683,Phones,863.928,9,12/1/2016
4724,Labels,14.73,3,5/22/2016
4725,Binders,9.888,2,11/11/2016
4726,Appliances,671.544,3,11/11/2016
4752,Phones,40.68,3,12/9/2016
4753,Chairs,209.568,2,11/20/2017
4755,Binders,3.882,2,2/3/2017
4756,Paper,115.296,3,2/3/2017
4769,Paper,25.344,4,6/2/2017
4796,Binders,5.64,3,8/13/2015
4797,Binders,57.582,3,5/14/2016
4798,Paper,31.104,6,5/14/2016
4799,Furnishings,30.192,3,5/14/2016
4800,Phones,43.6,5,5/14/2016
4801,Art,4.768,2,5/14/2016
4802,Binders,10.38,2,5/14/2016
4803,Binders,13.392,8,5/14/2016
4828,Storage,69.52,2,11/1/2014
4829,Art,5.64,3,11/1/2014
4841,Furnishings,27.58,2,11/20/2017
4843,Storage,243.92,5,9/29/2017
4877,Storage,61.568,2,10/3/2014
4878,Art,6.192,3,10/3/2014
4879,Binders,2.214,3,7/29/2016
4880,Envelopes,5.32,2,11/2/2017
4881,Chairs,975.92,4,11/2/2017
4882,Accessories,2249.91,9,11/2/2017
4883,Storage,59.92,4,11/2/2017
4887,Chairs,182.67,3,11/28/2016
4888,Accessories,101.7,6,11/28/2016
4889,Storage,1126.02,3,11/28/2016
4890,Storage,1263.3,6,11/28/2016
4910,Envelopes,18.336,3,1/14/2017
4911,Paper,36.288,7,1/14/2017
4912,Phones,111.984,2,1/14/2017
4913,Binders,5.97,5,1/14/2017
4914,Binders,2.508,2,1/14/2017
4922,Paper,96.08,2,12/25/2017
4923,Fasteners,3.62,2,12/25/2017
4924,Paper,629.1,6,12/25/2017
4925,Phones,90.48,2,12/25/2017
4937,Binders,33.74,7,1/6/2017
4965,Binders,7.764,4,5/15/2016
4966,Phones,467.04,4,5/25/2015
4971,Chairs,207.984,2,11/6/2016
4972,Paper,36.112,2,11/6/2016
4973,Furnishings,35.568,2,11/6/2016
4974,Paper,88.768,2,11/6/2016
4976,Accessories,717.12,9,9/18/2015
4985,Fasteners,7.24,5,9/6/2015
4993,Envelopes,55.936,8,12/18/2015
4994,Labels,18.432,8,12/18/2015
4995,Furnishings,20.32,5,12/18/2015
4997,Appliances,48.784,1,3/10/2017
4998,Binders,13.092,4,3/10/2017
5002,Supplies,69.5,5,5/24/2016
5003,Paper,191.6,4,5/24/2016
5005,Accessories,47.79,3,4/30/2014
5053,Paper,195.64,4,5/19/2017
5060,Phones,699.98,2,12/5/2016
5061,Storage,584.82,9,12/5/2016
5066,Accessories,383.976,3,11/30/2017
5067,Tables,1781.682,7,11/30/2017
5083,Accessories,35.168,4,9/8/2016
5084,Paper,64.704,3,9/8/2016
5106,Chairs,186.304,4,12/14/2014
5107,Accessories,66.36,4,9/19/2015
5108,Art,42.048,9,4/25/2017
5109,Art,67.92,5,4/25/2017
5121,Storage,232.55,5,4/4/2014
5122,Accessories,99.98,2,4/4/2014
5123,Paper,19.44,3,4/4/2014
5124,Paper,12.96,2,4/4/2014
5133,Phones,107.976,3,6/21/2015
5184,Storage,40.29,3,9/24/2017
5185,Binders,38.71,7,9/24/2017
5186,Storage,1801.632,6,10/10/2015
5193,Furnishings,397.6,5,11/28/2014
5194,Paper,85.96,7,11/28/2014
5195,Art,13.12,4,11/28/2014
5196,Binders,45.66,3,11/28/2014
5234,Chairs,605.34,6,10/18/2014
5244,Binders,10.44,1,7/25/2016
5251,Accessories,249.95,5,12/12/2016
5252,Paper,49.12,4,12/12/2016
5253,Appliances,182.91,3,10/30/2015
5274,Binders,3.744,4,11/26/2016
5276,Accessories,159.8,4,12/14/2017
5277,Accessories,44.75,5,12/14/2017
5279,Paper,105.52,4,12/7/2014
5293,Storage,4.464,1,6/20/2017
5301,Tables,2275.5,10,5/30/2016
5302,Accessories,1979.7,6,5/30/2016
5303,Labels,62.1,6,5/30/2016
5312,Labels,9.216,4,8/21/2016
5313,Supplies,28.048,2,8/21/2016
5316,Chairs,187.056,9,5/2/2016
5317,Furnishings,11.808,2,10/2/2017
5318,Furnishings,9.656,1,10/2/2017
5319,Paper,20.736,4,10/2/2017
5320,Binders,27.36,3,10/2/2017
5321,Tables,2314.116,7,10/2/2017
5322,Binders,34.236,4,10/2/2017
5323,Furnishings,19.76,2,10/2/2017
5354,Binders,87.28,8,9/3/2016
5361,Bookcases,198.272,8,4/14/2017
5387,Binders,40.41,9,3/12/2017
5424,Paper,,5,11/3/2017
5430,Furnishings,31.984,2,9/5/2014
5437,Furnishings,19.52,2,7/5/2014
5438,Binders,9.81,5,7/5/2014
5439,Furnishings,213.216,3,7/5/2014
5441,Art,2.064,1,11/13/2017
5461,Storage,16.272,1,3/21/2014
5480,Binders,1.869,1,3/31/2014
5485,Chairs,419.136,4,1/30/2017
5486,Envelopes,23.472,3,12/12/2014
5488,Phones,23.976,3,4/1/2017
5489,Labels,6.264,3,4/1/2017
5490,Appliances,20.808,3,4/1/2017
5491,Chairs,218.352,3,4/1/2017
5508,Envelopes,17.92,4,4/8/2016
5517,Accessories,1319.96,4,11/18/2016
5529,Phones,79.96,5,3/31/2015
5532,Accessories,179.94,6,6/6/2016
5533,Accessories,26.85,3,6/6/2016
5534,Accessories,323.37,3,6/6/2016
5535,Paper,59.94,3,6/6/2016
5536,Binders,64.14,3,6/6/2016
5537,Binders,11.67,3,6/6/2016
5538,Paper,12.96,2,6/6/2016
5556,Furnishings,10.16,2,10/2/2017
5557,Furnishings,6.16,2,12/14/2015
5558,Art,56.3,2,12/14/2015
5562,Binders,34.54,1,3/31/2017
5563,Copiers,2999.95,5,3/31/2017
5564,Binders,64.12,4,3/31/2017
5606,Furnishings,17.088,2,9/20/2016
5607,Chairs,98.392,1,9/20/2016
5610,Accessories,659.9,2,8/31/2017
5618,Furnishings,19.52,2,6/30/2017
5628,Labels,13.872,6,6/26/2017
5629,Chairs,273.552,3,6/26/2017
5631,Accessories,234.45,3,2/11/2014
5632,Tables,1256.22,6,2/11/2014
5633,Binders,17.46,2,2/11/2014
5643,Furnishings,7.04,4,4/1/2016
5644,Envelopes,17.94,3,5/15/2015
5647,Furnishings,192.22,14,1/4/2015
5683,Paper,15.84,3,4/2/2014
5684,Phones,1049.93,7,4/2/2014
5685,Appliances,154.9,5,4/2/2014
5687,Fasteners,14.32,5,7/28/2014
5688,Furnishings,129.888,6,7/28/2014
5689,Envelopes,48.944,7,7/28/2014
5715,Storage,177.55,5,9/25/2017
5747,Phones,249.584,2,12/8/2016
5748,Accessories,68.112,3,12/8/2016
5749,Accessories,16.56,3,12/8/2016
5754,Chairs,866.4,4,2/3/2016
5755,Art,5.56,2,3/29/2015
5758,Furnishings,46.152,3,8/11/2015
5759,Machines,32.985,3,11/22/2015
5789,Furnishings,12.32,5,4/10/2017
5790,Binders,4.419,3,4/10/2017
5807,Paper,12.192,3,9/4/2016
5808,Appliances,87.168,2,9/4/2016
5809,Art,31.744,2,9/4/2016
5810,Furnishings,132.224,4,2/6/2016
5815,Accessories,11.672,1,6/15/2015
5833,Labels,6.264,3,7/21/2016
5834,Chairs,363.92,5,7/21/2016
5835,Binders,64.2,5,6/9/2015
5836,Binders,38.52,3,6/9/2015
5837,Accessories,72.6,5,6/9/2015
5840,Paper,32.4,5,9/22/2015
5841,Furnishings,47.98,2,9/22/2015
5854,Binders,9.64,2,9/10/2014
5860,Tables,301.96,2,11/1/2015
5862,Paper,109.92,2,5/1/2016
5863,Paper,19.44,3,5/1/2016
5864,Art,11.16,2,5/1/2016
5873,Storage,59.76,1,3/30/2017
5874,Binders,108.08,7,6/4/2017
5875,Binders,9.54,3,6/4/2017
5889,Paper,45.68,2,5/7/2015
5894,Binders,2.78,1,9/10/2017
5913,Supplies,25.5,3,8/24/2014
5925,Art,22.96,7,11/19/2017
5927,Tables,1215.92,8,4/8/2014
5928,Labels,7.31,1,10/11/2014
5929,Furnishings,8.92,4,10/11/2014
5949,Envelopes,42.68,4,3/5/2017
5950,Accessories,299.97,3,3/5/2017
5951,Appliances,262.24,2,3/5/2017
5952,Binders,234.36,6,3/5/2017
5975,Storage,387.72,5,10/8/2016
5985,Furnishings,185.58,6,7/19/2016
5986,Binders,77.56,2,7/19/2016
5987,Storage,87.92,4,7/19/2016
5988,Paper,245.94,6,7/19/2016
5989,Binders,8.6,1,7/19/2016
5990,Bookcases,504.9,5,7/19/2016
6004,Binders,12.294,1,9/21/2017
6008,Furnishings,127.95,3,4/1/2017
6021,Appliances,17.34,2,8/13/2016
6022,Accessories,71.98,2,8/13/2016
6029,Art,18.48,2,11/19/2016
6031,Chairs,239.24,1,7/6/2017
6037,Furnishings,42.6,3,9/4/2016
6038,Binders,113.94,6,9/4/2016
6039,Storage,129.92,4,9/4/2016
6040,Art,5.28,3,9/4/2016
6044,Chairs,314.352,3,5/19/2017
6045,Paper,27.888,7,5/19/2017
6048,Binders,16.146,9,11/7/2015
6049,Binders,1345.485,5,11/7/2015
6067,Supplies,88.96,8,1/17/2015
6089,Paper,6.48,1,6/13/2015
6106,Art,13.632,4,6/18/2015
6130,Accessories,53.25,3,3/26/2017
6131,Fasteners,3.76,2,3/26/2017
6133,Paper,163.96,5,9/15/2017
6138,Paper,32.064,6,10/31/2016
6151,Bookcases,354.9,5,4/8/2016
6161,Phones,323.976,3,3/19/2014
6162,Labels,11.808,4,3/19/2014
6163,Storage,26.16,3,3/19/2014
6164,Binders,33.57,5,3/19/2014
6165,Furnishings,4.992,3,3/19/2014
6166,Furnishings,20.016,3,3/19/2014
6167,Accessories,170.24,2,3/19/2014
6170,Paper,13.36,2,8/27/2014
6176,Chairs,1690.04,4,9/21/2015
6177,Storage,85.96,7,9/21/2015
6178,Envelopes,121.96,2,9/21/2015
6179,Paper,23.92,4,9/21/2015
6180,Storage,63.96,2,9/21/2015
6181,Phones,629.95,5,9/21/2015
6182,Phones,113.73,3,9/21/2015
6183,Binders,14.6,2,9/21/2015
6184,Storage,887.84,8,9/21/2015
6218,Phones,29.97,3,7/27/2015
6223,Furnishings,72.704,4,12/23/2017
6224,Art,12.264,7,12/23/2017
6225,Storage,218.352,3,12/23/2017
6243,Binders,18.24,2,12/21/2014
6253,Paper,58.32,9,4/7/2014
6254,Phones,200.97,3,4/7/2014
6255,Furnishings,21.36,8,9/8/2015
6257,Binders,3.444,1,9/6/2015
6264,Binders,34.5,3,5/5/2017
6266,Paper,3.488,2,11/3/2014
6267,Paper,143.856,9,11/3/2014
6287,Phones,239.976,3,10/24/2016
6292,Chairs,701.96,2,12/2/2017
6321,Paper,10.368,2,9/28/2017
6352,Phones,361.376,2,11/3/2017
6375,Chairs,561.584,2,4/29/2014
6376,Storage,99.92,5,4/29/2014
6390,Envelopes,311.15,5,2/7/2015
6391,Paper,12.96,2,2/7/2015
6402,Bookcases,241.96,2,5/30/2017
6403,Binders,3.89,1,5/30/2017
6404,Furnishings,8.01,3,5/30/2017
6405,Phones,177.48,3,11/30/2015
6413,Binders,102.93,3,8/17/2017
6414,Accessories,98.16,6,8/17/2017
6415,Binders,11.52,5,11/10/2017
6430,Storage,25.984,2,11/3/2014
6431,Tables,945.036,6,11/3/2014
6432,Binders,14.301,7,11/3/2014
6433,Furnishings,410.352,3,11/3/2014
6465,Furnishings,13.28,2,9/22/2016
6466,Storage,84.96,6,11/13/2015
6474,Appliances,871.8,3,3/18/2016
6476,Binders,4.554,3,6/3/2017
6477,Appliances,5.2,2,6/3/2017
6478,Accessories,205.992,1,6/3/2017
6479,Paper,15.552,3,6/3/2017
6480,Phones,503.96,5,6/3/2017
6481,Appliances,24.472,7,6/3/2017
6482,Bookcases,241.568,2,6/3/2017
6483,Accessories,110.4,2,6/3/2017
6487,Appliances,962.08,4,3/21/2015
6488,Binders,12.843,3,3/21/2015
6489,Paper,295.456,14,3/21/2015
6492,Bookcases,289.568,2,11/20/2016
6493,Storage,39.72,5,11/20/2016
6494,Phones,244.768,4,11/20/2016
6498,Furnishings,20.94,3,7/24/2015
6499,Binders,135.09,9,7/24/2015
6500,Accessories,279.86,14,7/24/2015
6501,Binders,90.06,6,7/24/2015
6537,Tables,328.59,3,10/20/2014
6538,Storage,98.352,3,10/20/2014
6578,Phones,173.94,6,12/6/2015
6584,Art,101.94,6,7/21/2017
6585,Phones,271.96,4,7/21/2017
6586,Furnishings,8.8,5,7/21/2017
6587,Art,19.68,6,7/21/2017
6588,Bookcases,302.94,3,7/21/2017
6589,Binders,14.94,3,7/21/2017
6590,Supplies,231.72,2,7/21/2017
6591,Labels,9.912,3,3/23/2014
6598,Binders,1.365,1,6/6/2014
6599,Paper,62.016,2,6/6/2014
6612,Chairs,191.96,2,4/21/2015
6613,Binders,21.3,3,4/21/2015
6614,Phones,469.95,5,4/21/2015
6615,Furnishings,209.88,3,4/21/2015
6630,Binders,7.38,5,10/2/2015
6635,Binders,68.541,11,5/6/2017
6636,Phones,627.168,4,5/6/2017
6637,Labels,122.12,5,5/6/2017
6664,Tables,356.85,5,10/26/2017
6665,Envelopes,251.58,7,10/26/2017
6671,Binders,29.84,2,5/25/2017
6674,Furnishings,67.96,4,9/5/2015
6693,Binders,477.51,11,8/11/2017
6702,Furnishings,163.136,4,5/20/2015
6703,Binders,6.408,4,5/20/2015
6707,Phones,519.68,7,9/10/2016
6717,Fasteners,30.0,6,4/8/2016
6718,Paper,25.92,4,4/8/2016
6719,Furnishings,159.92,4,4/8/2016
6720,Appliances,34.944,3,12/16/2016
6729,Furnishings,50.496,6,11/4/2016
6730,Binders,6.129,3,6/18/2015
6731,Chairs,643.136,4,6/18/2015
6732,Paper,20.736,4,6/18/2015
6735,Labels,11.696,2,12/20/2015
6760,Art,32.776,1,12/2/2017
6770,Art,35.4,5,9/19/2017
6788,Furnishings,129.93,3,9/13/2015
6789,Paper,69.93,7,9/13/2015
6790,Art,140.736,4,9/7/2015
6806,Paper,9.96,2,11/22/2014
6824,Envelopes,98.46,9,7/25/2015
6825,Tables,358.58,2,7/25/2015
6842,Accessories,20.7,3,9/12/2016
6843,Fasteners,11.34,3,9/12/2016
6844,Storage,67.9,5,9/12/2016
6845,Chairs,1059.12,4,9/12/2016
6853,Storage,62.04,4,12/23/2017
6854,Phones,494.97,3,12/23/2017
6855,Storage,367.96,4,12/23/2017
6856,Paper,44.96,2,12/23/2017
6857,Envelopes,182.94,3,12/23/2017
6876,Labels,25.06,2,9/5/2016
6877,Tables,1652.94,3,9/5/2016
6890,Phones,95.68,8,9/18/2017
6891,Paper,50.96,7,9/18/2017
6892,Art,113.94,3,9/18/2017
6893,Paper,25.92,4,9/18/2017
6894,Furnishings,20.32,4,9/18/2017
6895,Phones,411.98,2,9/18/2017
6896,Supplies,34.48,2,9/18/2017
6897,Paper,244.55,5,9/18/2017
6909,Furnishings,14.76,2,12/10/2017
6914,Phones,55.984,2,6/12/2015
6923,Labels,491.55,5,3/16/2015
6924,Envelopes,7.38,2,3/16/2015
6957,Binders,36.4,5,7/14/2016
6958,Furnishings,51.75,1,7/14/2016
6963,Envelopes,10.2,5,7/16/2016
6964,Art,22.32,3,7/16/2016
6965,Binders,24.1,5,7/16/2016
6966,Accessories,75.98,2,7/16/2016
6967,Binders,6.46,2,7/16/2016
6968,Paper,60.12,9,7/16/2016
6978,Phones,59.98,2,11/25/2016
6979,Paper,48.87,9,11/25/2017
6989,Appliances,1158.12,5,11/11/2017
6991,Appliances,44.43,3,11/8/2015
6992,Phones,226.2,5,11/8/2015
6993,Furnishings,186.54,3,11/8/2015
6994,Art,265.86,7,11/8/2015
6995,Art,27.9,5,11/8/2015
7000,Appliances,208.44,3,5/26/2017
7001,Supplies,25.76,2,5/26/2017
7015,Appliances,146.76,3,3/11/2014
7016,Accessories,32.96,2,3/11/2014
7017,Phones,587.97,3,3/11/2014
7018,Paper,14.94,3,3/11/2014
7037,Copiers,479.984,2,5/2/2014
7038,Paper,12.96,2,9/22/2017
7039,Art,17.94,3,9/22/2017
7049,Paper,15.552,3,8/14/2016
7078,Binders,22.911,7,9/2/2016
7079,Appliances,309.456,9,9/2/2016
7080,Art,19.456,4,9/2/2016
7081,Tables,472.518,3,9/2/2016
7082,Accessories,1012.68,3,9/2/2016
7083,Binders,17.22,5,9/2/2016
7091,Paper,106.32,3,1/9/2015
7092,Appliances,163.44,3,1/9/2015
7093,Art,42.76,2,1/9/2015
7094,Paper,51.55,5,1/9/2015
7121,Binders,67.194,1,1/20/2014
7126,Paper,17.94,3,9/27/2016
7127,Art,13.89,3,9/27/2016
7130,Accessories,35.168,4,4/16/2016
7131,Paper,123.088,7,4/16/2016
7137,Binders,7.23,5,11/20/2015
7138,Storage,17.44,2,11/20/2015
7139,Binders,62.88,4,11/20/2015
7140,Bookcases,290.352,3,11/20/2015
7143,Furnishings,111.15,5,11/24/2014
7151,Chairs,141.96,2,12/22/2017
7153,Paper,88.768,2,10/9/2014
7155,Furnishings,275.88,6,12/25/2015
7156,Binders,157.9,5,12/25/2015
7162,Paper,21.84,3,7/4/2014
7163,Binders,15.6,5,7/4/2014
7181,Art,12.78,3,1/6/2014
7192,Binders,5.388,4,10/1/2016
7193,Art,30.976,8,10/1/2016
7194,Storage,1350.12,6,2/12/2016
7195,Binders,15.92,4,2/12/2016
7201,Phones,116.76,1,11/27/2016
7202,Tables,331.023,7,11/27/2016
7252,Labels,9.216,4,8/27/2016
7265,Art,181.86,7,6/13/2017
7267,Binders,13.428,3,8/16/2017
7268,Storage,67.136,4,8/16/2017
7269,Paper,89.568,2,1/14/2016
7270,Furnishings,315.776,8,1/14/2016
7273,Supplies,20.608,2,10/10/2016
7274,Binders,4.095,3,10/10/2016
7277,Accessories,799.92,10,11/2/2014
7293,Machines,649.0,2,12/4/2017
7304,Chairs,97.184,2,9/4/2017
7305,Paper,10.368,2,9/4/2017
7312,Binders,1.872,2,10/9/2015
7313,Binders,11.214,2,10/9/2015
7314,Art,37.376,8,10/9/2015
7334,Furnishings,67.36,2,4/11/2015
7335,Furnishings,54.528,3,4/11/2015
7341,Chairs,67.88,2,7/26/2014
7342,Labels,162.89,13,7/26/2014
7343,Furnishings,25.71,3,7/26/2014
7345,Tables,721.875,6,12/11/2017
7346,Phones,73.568,4,12/11/2017
7347,Art,13.584,1,12/11/2017
7348,Chairs,64.784,1,12/11/2017
7369,Binders,15.57,3,4/15/2017
7370,Labels,4.608,2,3/9/2015
7379,Art,10.272,3,5/31/2015
7390,Chairs,390.368,2,11/29/2017
7391,Furnishings,101.52,5,11/29/2017
7428,Binders,11.43,3,3/17/2014
7429,Binders,30.44,2,3/17/2014
7430,Paper,12.96,2,3/17/2014
7431,Paper,16.0,4,3/17/2014
7432,Appliances,32.67,3,3/17/2014
7449,Furnishings,88.92,5,11/11/2017
7457,Phones,569.64,2,4/16/2015
7458,Binders,9.14,1,4/16/2015
7459,Furnishings,1196.86,7,4/16/2015
7460,Bookcases,523.26,9,4/16/2015
7475,Chairs,2573.82,9,1/6/2014
7476,Binders,609.98,2,1/6/2014
7477,Art,5.48,2,1/6/2014
7478,Phones,391.98,2,1/6/2014
7479,Phones,755.96,4,1/6/2014
7480,Fasteners,31.12,4,1/6/2014
7481,Paper,6.54,1,1/6/2014
7515,Binders,29.36,2,12/9/2017
7516,Appliances,214.9,5,12/9/2017
7517,Binders,15.92,4,12/9/2017
7518,Accessories,146.45,5,12/9/2017
7519,Storage,15.14,1,12/9/2017
7520,Labels,5.76,2,12/9/2017
7521,Copiers,1399.98,2,12/9/2017
7534,Chairs,196.784,2,2/25/2017
7535,Bookcases,231.92,5,2/25/2017
7572,Storage,194.7,5,10/21/2014
7573,Tables,591.32,4,10/21/2014
7574,Art,2.84,1,10/21/2014
7584,Phones,3499.93,7,3/21/2014
7585,Labels,14.4,5,3/21/2014
7586,Paper,122.97,3,3/21/2014
7587,Art,9.32,4,3/21/2014
7588,Binders,122.94,3,3/21/2014
7616,Binders,6.642,9,11/30/2014
7633,Chairs,1207.84,8,12/29/2017
7634,Binders,12.53,1,12/29/2017
7635,Art,34.58,1,12/29/2017
7636,Chairs,300.98,1,12/29/2017
7637,Chairs,258.75,3,12/29/2017
7647,Machines,1299.99,2,9/9/2014
7654,Art,19.56,4,3/22/2015
7664,Art,15.92,5,9/13/2017
7665,Furnishings,129.92,4,10/22/2014
7677,Accessories,23.472,3,10/8/2014
7690,Appliances,179.94,3,7/15/2017
7691,Tables,872.94,3,7/15/2017
7692,Paper,12.96,2,7/15/2017
7712,Furnishings,77.952,3,10/28/2017
7713,Storage,147.184,2,10/28/2017
7714,Paper,47.952,3,10/28/2017
7730,Accessories,431.976,3,9/26/2016
7738,Art,12.672,9,12/18/2017
7749,Furnishings,60.84,3,6/18/2015
7750,Storage,450.04,2,6/18/2015
7751,Binders,34.6,2,6/18/2015
7752,Phones,467.97,3,6/18/2015
7753,Binders,33.02,2,6/18/2015
7754,Furnishings,17.088,2,11/30/2015
7756,Paper,268.24,7,11/17/2017
7757,Accessories,431.16,5,11/17/2017
7761,Paper,42.208,2,12/6/2014
7764,Envelopes,74.52,9,2/3/2015
7769,Paper,26.72,5,11/12/2017
7780,Appliances,203.92,4,4/18/2016
7781,Phones,29.56,4,4/18/2016
7783,Storage,45.248,2,11/4/2016
7784,Tables,876.3,10,11/4/2016
7785,Supplies,185.376,2,11/4/2016
7803,Labels,12.0,4,9/22/2015
7804,Storage,720.064,4,9/22/2015
7805,Storage,25.424,1,9/22/2015
7806,Art,2.816,2,9/22/2015
7807,Binders,3.204,2,9/22/2015
7808,Binders,30.828,7,1/8/2016
7809,Art,47.616,3,1/8/2016
7810,Phones,108.784,2,1/8/2016
7822,Storage,111.672,9,10/21/2016
7834,Art,13.12,5,1/24/2015
7843,Binders,58.05,3,4/19/2014
7844,Paper,71.28,11,4/19/2014
7846,Paper,154.9,5,9/27/2015
7847,Phones,1871.88,12,9/27/2015
7855,Appliances,320.64,4,12/7/2017
7856,Accessories,52.0,4,12/7/2017
7870,Accessories,24.0,2,7/3/2017
7878,Labels,5.04,2,3/12/2015
7890,Art,19.89,9,12/25/2016
7891,Accessories,399.98,2,12/25/2016
7892,Furnishings,343.85,5,12/25/2016
7893,Paper,106.32,3,12/25/2016
7898,Appliances,272.048,7,8/13/2017
7899,Binders,1614.582,6,8/13/2017
7900,Fasteners,24.32,5,8/13/2017
7901,Accessories,1.584,2,8/13/2017
7902,Furnishings,31.984,1,8/13/2017
7903,Envelopes,14.76,5,8/13/2017
7904,Chairs,423.648,2,8/13/2017
7923,Phones,383.96,5,9/24/2017
7924,Binders,15.57,3,9/24/2017
7925,Binders,22.32,4,8/13/2016
7926,Labels,103.6,7,8/13/2016
7962,Storage,81.36,5,11/18/2017
7963,Binders,20.232,8,11/18/2017
7964,Appliances,389.056,4,11/18/2017
7965,Paper,20.736,4,11/18/2017
7966,Paper,41.472,8,11/18/2017
7978,Phones,659.97,3,5/31/2014
7979,Phones,113.73,3,5/31/2014
7992,Binders,39.936,4,6/14/2016
7993,Accessories,18.464,2,6/14/2016
8038,Appliances,41.91,3,7/10/2017
8048,Paper,16.272,3,11/3/2017
8077,Furnishings,27.42,3,6/23/2015
8078,Binders,165.98,1,6/23/2015
8079,Accessories,75.0,3,6/23/2015
8086,Furnishings,61.1,5,10/20/2016
8087,Appliances,28.08,3,4/28/2017
8137,Tables,562.2925,7,8/12/2016
8148,Paper,49.12,4,6/9/2017
8172,Art,264.18,7,2/14/2016
8193,Binders,6.048,7,11/30/2015
8194,Appliances,98.352,3,11/30/2015
8195,Furnishings,335.744,2,11/30/2015
8197,Accessories,89.568,4,9/5/2017
8198,Art,71.96,5,9/5/2017
8199,Paper,15.552,3,9/5/2017
8207,Tables,191.5155,1,4/26/2015
8208,Art,2.624,1,4/26/2015
8209,Binders,1369.764,6,9/20/2015
8210,Storage,294.368,4,9/20/2015
8211,Appliances,81.568,2,9/7/2017
8214,Binders,6.336,4,9/25/2015
8215,Paper,10.48,1,9/25/2015
8216,Binders,2.469,1,9/25/2015
8217,Binders,3.264,2,9/25/2015
8231,Art,35.97,3,6/30/2016
8232,Bookcases,1266.86,7,6/30/2016
8235,Supplies,3.328,2,5/1/2017
8236,Tables,933.262,4,5/1/2017
8237,Chairs,2803.92,5,5/1/2017
8238,Storage,4.768,2,10/20/2017
8239,Paper,6.672,1,10/20/2017
8240,Art,4.448,2,10/20/2017
8241,Furnishings,43.936,4,10/20/2017
8246,Storage,344.91,3,8/19/2014
8263,Paper,-20.0,3,12/15/2016
8264,Binders,13.092,4,9/13/2015
8277,Binders,3.762,3,2/21/2016
8278,Binders,34.86,2,2/21/2016
8279,Storage,432.456,3,2/21/2016
8280,Storage,675.06,3,4/22/2017
8281,Envelopes,65.232,3,5/9/2017
8282,Chairs,207.0,3,5/9/2017
8287,Paper,31.104,6,8/12/2014
8288,Art,47.96,5,8/12/2014
8289,Accessories,158.928,7,8/12/2014
8290,Appliances,211.248,6,8/12/2014
8291,Supplies,5.552,2,8/12/2014
8292,Labels,2.952,1,8/12/2014
8296,Envelopes,26.55,9,5/30/2016
8297,Accessories,111.98,2,5/30/2016
8298,Furnishings,4.928,2,7/5/2015
8299,Labels,11.784,3,7/5/2015
8312,Furnishings,62.72,4,1/26/2017
8313,Phones,2939.93,7,1/26/2017
8318,Art,1.752,1,4/11/2017
8319,Art,20.992,8,4/11/2017
8325,Storage,61.68,5,9/8/2017
8326,Phones,158.376,3,9/8/2017
8337,Art,7.7,2,7/2/2016
8338,Paper,23.92,4,12/27/2014
8339,Accessories,498.0,5,12/27/2014
8341,Paper,32.4,5,11/14/2014
8343,Storage,73.36,7,11/25/2016
8344,Labels,59.2,5,3/21/2014
8345,Furnishings,32.952,3,3/21/2014
8346,Chairs,218.376,3,3/21/2014
8357,Furnishings,186.54,3,8/26/2016
8365,Phones,751.984,2,4/28/2017
8377,Appliances,64.384,1,3/21/2017
8397,Paper,310.688,7,6/30/2014
8411,Tables,630.024,4,11/15/2016
8412,Art,27.86,7,5/9/2016
8470,Bookcases,387.136,4,4/23/2017
8471,Accessories,45.408,2,4/23/2017
8472,Furnishings,77.952,3,4/23/2017
8473,Labels,3.0,1,4/23/2017
8474,Storage,9.952,1,10/22/2015
8489,Machines,8749.95,5,2/2/2016
8490,Binders,36.4,8,2/2/2016
8491,Furnishings,18.69,7,2/2/2016
8514,Paper,20.736,4,6/5/2017
8515,Art,17.52,3,8/21/2015
8516,Art,35.76,12,8/21/2015
8535,Labels,9.82,2,1/13/2015
8545,Furnishings,20.24,1,3/27/2016
8546,Furnishings,39.92,4,3/27/2016
8547,Binders,32.54,2,3/27/2016
8554,Accessories,239.92,8,11/13/2017
8555,Tables,1056.86,7,12/9/2016
8556,Accessories,447.944,7,3/22/2015
8557,Storage,150.408,9,3/22/2015
8564,Binders,4.842,3,4/30/2017
8565,Furnishings,220.704,6,4/30/2017
8576,Appliances,14.336,4,8/27/2017
8580,Labels,2.61,1,12/27/2016
8594,Accessories,191.976,3,11/9/2017
8595,Phones,499.168,4,11/9/2017
8596,Binders,11.88,2,5/5/2014
8597,Paper,35.44,1,5/5/2014
8622,Appliances,20.768,2,5/13/2017
8624,Binders,121.104,6,11/13/2015
8625,Accessories,111.96,5,11/13/2015
8636,Art,174.95,5,4/30/2014
8637,Storage,826.0,5,4/30/2014
8640,Binders,12.39,3,12/13/2014
8643,Fasteners,31.504,11,11/8/2015
8644,Labels,5.04,1,11/8/2015
8645,Binders,39.879,7,11/8/2015
8646,Furnishings,4.712,1,11/8/2015
8648,Chairs,97.424,2,12/5/2015
8649,Storage,704.76,5,7/29/2016
8650,Binders,27.396,3,7/29/2016
8661,Bookcases,723.92,5,11/25/2017
8681,Appliances,2104.55,7,12/1/2016
8682,Supplies,40.7,5,12/1/2016
8683,Accessories,47.79,3,11/5/2014
8697,Phones,239.976,3,6/15/2017
8698,Furnishings,31.168,4,6/15/2017
8699,Tables,120.96,2,6/15/2017
8700,Phones,2239.936,8,6/15/2017
8701,Appliances,76.608,8,6/15/2017
8702,Storage,142.776,1,6/15/2017
8703,Paper,91.36,5,6/15/2017
8724,Paper,37.408,7,12/29/2016
8725,Paper,25.344,6,12/29/2016
8727,Accessories,4.728,3,12/27/2015
8728,Furnishings,53.352,3,12/27/2015
8729,Bookcases,131.104,2,12/27/2015
8730,Storage,22.512,3,12/27/2015
8731,Accessories,72.744,7,12/27/2015
8738,Binders,8.1,5,4/6/2017
8741,Art,73.2,5,7/24/2016
8752,Paper,93.248,4,5/5/2016
8753,Phones,177.48,3,5/5/2016
8761,Binders,1270.99,1,1/31/2016
8762,Envelopes,125.36,8,1/31/2016
8772,Appliances,942.784,4,9/14/2017
8773,Paper,74.352,3,9/14/2017
8785,Labels,4.608,2,3/17/2017
8789,Chairs,698.352,3,6/15/2017
8790,Bookcases,77.728,2,6/15/2017
8791,Binders,46.62,9,9/6/2015
8821,Copiers,959.984,2,11/3/2017
8822,Binders,4.086,2,11/3/2017
8823,Art,55.984,2,11/3/2017
8824,Paper,10.688,2,11/3/2017
8832,Furnishings,39.96,2,11/15/2015
8834,Storage,15.51,1,9/24/2017
8835,Phones,89.9,2,9/24/2017
8836,Art,14.28,4,9/24/2017
8837,Art,12.72,3,9/24/2017
8838,Labels,15.75,5,9/24/2017
8849,Phones,74.24,1,7/2/2015
8850,Furnishings,159.84,10,7/2/2015
8851,Binders,2.892,2,7/2/2015
8852,Paper,9.392,2,7/2/2015
8860,Phones,35.96,1,8/20/2017
8866,Appliances,36.27,3,12/20/2015
8883,Phones,15.984,2,10/20/2017
8884,Paper,14.352,3,10/20/2017
8892,Chairs,121.78,2,9/16/2016
8899,Phones,494.97,3,8/7/2015
8900,Labels,25.06,2,8/7/2015
8911,Accessories,95.976,3,11/4/2017
8912,Phones,143.928,9,11/4/2017
8913,Binders,3.564,2,11/4/2017
8914,Labels,,2,11/4/2017
8920,Furnishings,177.68,2,4/2/2014
8922,Phones,52.68,3,10/4/2016
8923,Furnishings,11.568,3,10/4/2016
8924,Binders,4.572,4,6/11/2017
8941,Supplies,7.632,3,8/22/2014
8950,Tables,934.956,6,12/22/2017
8951,Accessories,46.864,2,12/22/2017
8952,Storage,26.16,3,12/22/2017
8953,Art,23.128,7,12/22/2017
8954,Appliances,59.24,5,12/22/2017
8955,Bookcases,155.456,4,8/8/2014
8957,Furnishings,21.0,3,12/25/2017
8958,Machines,120.0,2,12/25/2017
8963,Furnishings,273.96,2,11/5/2016
8964,Accessories,89.97,3,11/5/2016
8965,Furnishings,756.8,5,11/5/2016
8969,Storage,39.128,1,12/30/2014
8986,Furnishings,77.952,3,12/3/2015
8987,Binders,95.97,5,12/3/2015
8988,Phones,105.584,2,12/3/2015
8989,Art,9.344,2,12/3/2015
8993,Accessories,18.528,2,10/16/2017
8994,Tables,1875.258,7,10/16/2017
8995,Paper,91.36,5,8/15/2014
8996,Appliances,152.24,5,8/15/2014
9002,Accessories,5.95,1,12/2/2014
9003,Paper,15.24,3,12/2/2014
9011,Binders,26.16,4,5/19/2017
9020,Accessories,99.98,2,12/16/2014
9021,Furnishings,29.46,6,12/16/2014
9034,Binders,1793.98,2,9/2/2014
9042,Furnishings,337.088,4,9/28/2014
9067,Accessories,23.08,2,5/26/2017
9075,Storage,828.84,6,4/21/2014
9079,Furnishings,318.08,4,2/16/2016
9080,Binders,5.8,1,2/16/2016
9083,Art,5.56,2,11/2/2017
9084,Storage,146.73,3,2/6/2015
9085,Paper,29.9,5,2/6/2015
9089,Phones,246.168,3,12/15/2015
9091,Storage,348.56,8,10/13/2017
9111,Envelopes,36.4,5,10/13/2014
9112,Accessories,22.96,2,10/13/2014
9113,Storage,315.2,4,10/13/2014
9114,Binders,15.18,3,10/13/2014
9135,Storage,129.552,3,4/12/2016
9136,Storage,51.984,1,4/12/2016
9137,Paper,10.272,3,4/12/2016
9138,Binders,18.336,2,2/2/2014
9139,Phones,180.96,5,2/2/2014
9160,Binders,4.338,3,8/9/2016
9161,Binders,11.88,5,8/9/2016
9169,Paper,319.76,14,3/15/2016
9170,Paper,45.68,2,3/15/2016
9177,Binders,31.086,3,3/19/2016
9221,Labels,11.07,3,10/13/2017
9222,Tables,1504.52,4,10/13/2017
9223,Paper,25.92,4,10/13/2017
9240,Paper,56.784,7,10/27/2017
9241,Binders,5.607,3,10/27/2017
9242,Art,6.576,3,10/27/2017
9253,Accessories,199.95,5,9/23/2017
9254,Paper,12.96,2,9/23/2017
9265,Binders,11.673,3,11/24/2017
9266,Envelopes,64.848,7,11/24/2017
9274,Binders,1577.94,3,9/2/2017
9276,Storage,184.704,6,5/26/2016
9277,Accessories,47.92,2,5/26/2016
9282,Appliances,67.9,5,9/11/2017
9283,Paper,72.224,4,12/30/2016
9286,Furnishings,18.176,1,11/21/2015
9333,Appliances,195.68,4,9/11/2017
9334,Fasteners,14.2,4,9/11/2017
9335,Bookcases,314.352,3,5/1/2017
9336,Labels,4.608,2,5/1/2017
9380,Paper,45.528,3,12/23/2014
9381,Chairs,64.784,1,12/23/2014
9382,Storage,424.272,2,12/23/2014
9383,Art,1.344,1,12/23/2014
9384,Storage,83.92,5,12/23/2014
9401,Envelopes,31.12,4,9/16/2015
9418,Paper,10.368,2,10/27/2014
9419,Paper,11.952,3,10/27/2014
9443,Art,16.256,2,4/7/2017
9444,Phones,219.184,2,4/7/2017
9456,Machines,91.475,1,6/16/2016
9457,Accessories,27.192,3,5/27/2017
9458,Binders,12.06,5,5/27/2017
9463,Chairs,701.96,2,11/25/2017
9490,Art,197.05,7,8/5/2016
9515,Paper,91.056,6,3/14/2014
9553,Accessories,151.96,4,5/30/2015
9566,Chairs,1125.488,7,3/31/2014
9567,Binders,12.645,5,3/31/2014
9568,Art,4.032,2,3/31/2014
9586,Paper,31.008,1,8/26/2016
9602,Paper,239.5,5,9/4/2016
9603,Supplies,34.2,5,5/19/2014
9605,Appliances,197.72,4,11/2/2015
9612,Fasteners,11.68,4,10/24/2017
9640,Tables,4297.644,13,1/28/2015
9670,Labels,14.94,3,4/2/2017
9671,Art,64.68,7,8/13/2015
9689,Paper,32.4,5,6/20/2017
9690,Phones,503.96,4,6/20/2017
9733,Chairs,500.24,13,8/20/2014
9734,Paper,20.12,2,8/20/2014
9735,Binders,896.99,1,8/20/2014
9754,Labels,8.26,2,3/27/2017
9755,Binders,17.76,2,3/27/2017
9756,Storage,332.94,3,3/27/2017
9757,Tables,292.1,2,3/27/2017
9758,Phones,206.1,5,3/27/2017
9759,Paper,17.64,4,3/27/2017
9761,Art,4.3,2,11/4/2017
9770,Bookcases,339.92,5,11/24/2016
9771,Paper,10.528,4,11/24/2016
9772,Appliances,42.384,2,11/24/2016
9774,Phones,135.95,1,6/26/2016
9786,Binders,48.81,3,5/9/2015
9787,Chairs,149.9,5,11/5/2014
9806,Furnishings,45.568,2,10/21/2016
9807,Binders,28.752,8,10/21/2016
9808,Chairs,194.848,4,7/27/2017
9816,Paper,173.488,7,6/8/2015
9817,Storage,516.96,4,6/8/2015
9818,Furnishings,173.208,7,6/8/2015
9819,Art,4.448,2,6/8/2015
9820,Labels,9.0,3,6/8/2015
9821,Paper,42.24,10,6/8/2015
9822,Binders,18.264,2,6/8/2015
9830,Chairs,242.352,3,7/16/2017
9857,Paper,43.68,6,11/6/2014
9882,Binders,14.04,3,8/12/2014
9883,Accessories,272.61,13,8/12/2014
9912,Binders,115.36,7,4/5/2014
9961,Accessories,18.0,1,9/16/2017
9971,Binders,119.56,2,6/28/2015
9972,Art,140.75,5,6/28/2015
9981,Tables,85.98,1,9/6/2015
9988,Accessories,79.99,1,11/17/2017
9989,Phones,206.1,5,11/17/2017
9990,Furnishings,25.248,3,1/21/2014
